/*
SQLyog Community v13.2.0 (64 bit)
MySQL - 10.1.13-MariaDB : Database - intellivix
*********************************************************************
*/

/*!40101 SET NAMES utf8 */;

/*!40101 SET SQL_MODE=''*/;

/*!40014 SET @OLD_UNIQUE_CHECKS=@@UNIQUE_CHECKS, UNIQUE_CHECKS=0 */;
/*!40014 SET @OLD_FOREIGN_KEY_CHECKS=@@FOREIGN_KEY_CHECKS, FOREIGN_KEY_CHECKS=0 */;
/*!40101 SET @OLD_SQL_MODE=@@SQL_MODE, SQL_MODE='NO_AUTO_VALUE_ON_ZERO' */;
/*!40111 SET @OLD_SQL_NOTES=@@SQL_NOTES, SQL_NOTES=0 */;
CREATE DATABASE /*!32312 IF NOT EXISTS*/`intellivix` /*!40100 DEFAULT CHARACTER SET utf8 */;

USE `intellivix`;

/*Table structure for table `admin` */

DROP TABLE IF EXISTS `admin`;

CREATE TABLE `admin` (
  `no` int(11) NOT NULL AUTO_INCREMENT COMMENT '회원번호',
  `id` varchar(45) COLLATE utf8_bin NOT NULL COMMENT '아이디',
  `password` varchar(45) COLLATE utf8_bin NOT NULL COMMENT '패스워드 ',
  `name` varchar(45) COLLATE utf8_bin NOT NULL,
  `create_date` varchar(45) COLLATE utf8_bin NOT NULL,
  `grade` int(11) NOT NULL COMMENT '0 마스터\\n1 일반 사용자 ',
  `phone` varchar(45) COLLATE utf8_bin NOT NULL,
  `email` varchar(200) COLLATE utf8_bin NOT NULL,
  `token` varchar(255) COLLATE utf8_bin DEFAULT NULL,
  PRIMARY KEY (`no`)
) ENGINE=InnoDB AUTO_INCREMENT=2 DEFAULT CHARSET=utf8 COLLATE=utf8_bin COMMENT='관리자 관리 테이블';

/*Data for the table `admin` */

insert  into `admin`(`no`,`id`,`password`,`name`,`create_date`,`grade`,`phone`,`email`,`token`) values 
(1,'info','info1234!@#$','김미연','2022-03-03 14:53:29',1,'010-6435-9789','info@intellivix.com',NULL);

/*Table structure for table `install` */

DROP TABLE IF EXISTS `install`;

CREATE TABLE `install` (
  `no` int(11) NOT NULL AUTO_INCREMENT,
  `create_date` datetime DEFAULT NULL,
  `model_name` varchar(100) DEFAULT NULL,
  `version` varchar(120) DEFAULT NULL,
  `type` varchar(45) DEFAULT NULL,
  `hash` varchar(255) DEFAULT NULL,
  `create_admin` varchar(70) DEFAULT NULL,
  PRIMARY KEY (`no`)
) ENGINE=InnoDB AUTO_INCREMENT=6 DEFAULT CHARSET=utf8;

/*Data for the table `install` */

insert  into `install`(`no`,`create_date`,`model_name`,`version`,`type`,`hash`,`create_admin`) values 
(1,'2022-03-21 11:25:33','VIXAI-CB204JA1','1.41.02_20201020_R33','SHA-256','5EA302CF81E8FC58824913CBA1056D4819DE0FBE356806C303A00FD9B05E9366','김미연(info)'),
(2,'2022-03-21 11:26:20','VIXAI-CS237JA1','1.41.02_20201020_R54','SHA-256','F3E7C20E7C4C4FE57E411BD0EEFF2A3F3695F6990B75108729A98C1C479D2EE1','김미연(info)'),
(3,'2022-04-22 14:08:03','VIXAI-CS236JE1','V13.204B05_20220413','SHA-256','7e0921cfd6de369d3d93ecb7fe46f4be59a2a345fae0f55719ee57e929749529','김미연(info)'),
(4,'2022-04-22 14:08:58','VIXAI-CB204JE1','V12.204B02_20220408','SHA-256','3e468721644f4d1f09e3b4018ed89623ebe097fb31ed7d154b652311afd2a5ea','김미연(info)'),
(5,'2022-08-18 09:40:57','VIXAI-CD204JA1','1.41.02_20201020_R32 ','SHA-256','048B04C12D778C16D47A3919BB3F92A65D1BD62AD23CA9749B21A652F5EC30EB','김미연(info)');

/*Table structure for table `news` */

DROP TABLE IF EXISTS `news`;

CREATE TABLE `news` (
  `no` int(11) NOT NULL AUTO_INCREMENT,
  `create_date` datetime NOT NULL,
  `title` varchar(200) COLLATE utf8_bin NOT NULL,
  `url` varchar(200) COLLATE utf8_bin NOT NULL,
  `report_date` varchar(15) COLLATE utf8_bin NOT NULL,
  `create_admin` varchar(45) COLLATE utf8_bin DEFAULT NULL,
  `file_name` varchar(255) COLLATE utf8_bin DEFAULT NULL,
  `file_url` varchar(255) COLLATE utf8_bin DEFAULT NULL,
  `size` bigint(20) DEFAULT NULL,
  `thumbnail` varchar(255) COLLATE utf8_bin DEFAULT NULL,
  PRIMARY KEY (`no`)
) ENGINE=InnoDB AUTO_INCREMENT=60 DEFAULT CHARSET=utf8 COLLATE=utf8_bin COMMENT='뉴스 테이블	';

/*Data for the table `news` */

insert  into `news`(`no`,`create_date`,`title`,`url`,`report_date`,`create_admin`,`file_name`,`file_url`,`size`,`thumbnail`) values 
(3,'2022-03-21 12:01:05','글로벌 1위 지능형 영상분석 기술 기업으로 도약','https://www.etnews.com/20210205000080','2021-02-05','김미연(info)',NULL,NULL,NULL,NULL),
(4,'2022-03-21 12:08:04','인텔리빅스, 2년 연속 AI 식별추적시스템 실증사업 수행 기업 선정','https://www.etnews.com/20210312000139','2021-03-21','김미연(info)',NULL,NULL,NULL,NULL),
(5,'2022-03-21 14:15:03','\"\'제2의 평택항\' 사고막자\"…AI CCTV 도입하는 기업들','https://news.mt.co.kr/mtview.php?no=2021051715331094761','2021-05-18','김미연(info)',NULL,NULL,NULL,NULL),
(6,'2022-03-21 14:16:17','인텔리빅스 \"2023년 코스닥 입성...비전AI 시장 주도\"','https://zdnet.co.kr/view/?no=20210518144309','2021-05-19','김미연(info)',NULL,NULL,NULL,NULL),
(7,'2022-03-21 14:17:42','AI 비전 선도기업 인텔리빅스, 하이퍼랩와 합병... 합병 시너지 기대','http://www.aitimes.kr/news/articleView.html?idxno=21164','2021-05-28','김미연(info)',NULL,NULL,NULL,NULL),
(8,'2022-03-21 14:23:21','중대재해 방지에 \'처벌\'보다 AI 활용한 \'실질적인 예방책\' 강조','http://www.aitimes.com/news/articleView.html?idxno=139148','2021-06-22','김미연(info)',NULL,NULL,NULL,NULL),
(9,'2022-03-21 14:23:58','\"기술 차별화로 수준 높은 \'지능형 영상분석\' 세계에 알릴 것\"','http://www.aitimes.com/news/articleView.html?idxno=139177','2021-06-24','김미연(info)',NULL,NULL,NULL,NULL),
(10,'2022-03-21 14:25:54','비전 AI 선도기업 인텔리빅스, 드론에 인공지능 눈을 밝힌다!','http://www.aitimes.kr/news/articleView.html?idxno=21528','2021-07-01','김미연(info)',NULL,NULL,NULL,NULL),
(11,'2022-03-21 14:26:44','인텔리빅스, 임직원 전원에 코로나19 재난지원금 지급','https://www.etnews.com/20210720000235','2021-07-20','김미연(info)',NULL,NULL,NULL,NULL),
(12,'2022-03-21 14:35:27','\"산재사고 예방, 비전 AI가 실질적인 해결책\"...장정훈 인텔리빅스 대표 인터뷰','http://www.aitimes.com/news/articleView.html?idxno=140119','2021-08-13','김미연(info)',NULL,NULL,NULL,NULL),
(13,'2022-03-21 14:36:48','일상에 녹아든 지능형 CCTV','http://www.aitimes.com/news/articleView.html?idxno=140341','2021-09-02 ','김미연(info)',NULL,NULL,NULL,NULL),
(14,'2022-03-21 14:39:06','인텔리빅스, ‘한국건설안전박람회’서 비전 AI 솔루션 선봬','http://www.itdaily.kr/news/articleView.html?idxno=204315','2021-09-13','김미연(info)',NULL,NULL,NULL,NULL),
(15,'2022-03-21 14:39:55','산재사고 예방, 인공지능이 앞장선다...건설안전박람회에 소개된 AI 기술은?','http://www.aitimes.com/news/articleView.html?idxno=140670','2021-09-17','김미연(info)',NULL,NULL,NULL,NULL),
(16,'2022-03-21 14:40:24','24시간 지치지 않는 \'무적\' 이등병이 입대했다...관등성명은 AI','http://www.aitimes.com/news/articleView.html?idxno=140684','2021-09-19','김미연(info)',NULL,NULL,NULL,NULL),
(17,'2022-03-21 14:41:43','코로나19와의 전쟁, 우리에겐 AI가 있다...확산 방지와 업무 공백 최소화까지','http://www.aitimes.com/news/articleView.html?idxno=140763','2021-09-28','김미연(info)',NULL,NULL,NULL,NULL),
(18,'2022-03-21 14:42:21','인텔리빅스, NH투자증권과 IPO 주관 계약 체결','https://www.boannews.com/media/view.asp?idx=101211&kind=','2021-10-01','김미연(info)',NULL,NULL,NULL,NULL),
(19,'2022-03-21 14:42:55','인텔리빅스, 돌발상황검지 시스템 성능평가 ‘최상급’ 획득하며 기술력 입증','https://www.boannews.com/media/view.asp?idx=101336&kind=','2021-10-07','김미연(info)',NULL,NULL,NULL,NULL),
(20,'2022-03-21 14:43:45','CCTV로 꽃피우는 영상 분석 기술','http://www.itdaily.kr/news/articleView.html?idxno=204886','2021-10-31','김미연(info)',NULL,NULL,NULL,NULL),
(21,'2022-03-21 14:44:58','인텔리빅스 `AI 엣지박스` 조달청 우수제품에','http://www.dt.co.kr/contents.html?article_no=2021111402109931650001&ref=naver','2021-11-14','김미연(info)',NULL,NULL,NULL,NULL),
(22,'2022-03-21 14:45:40','비전AI 20년 한우물 판 장정훈 인텔리빅스 대표, SW 산업발전 유공 대통령 표창 수상','http://www.aitimes.com/news/articleView.html?idxno=141814','2021-12-03','김미연(info)',NULL,NULL,NULL,NULL),
(23,'2022-03-21 14:46:41','산업 안전, AI로 더 철저하게','http://www.aitimes.com/news/articleView.html?idxno=141974','2021-12-15','김미연(info)',NULL,NULL,NULL,NULL),
(24,'2022-03-21 14:47:19','국가 안보 강화, 인공지능이 함께 한다','http://www.aitimes.com/news/articleView.html?idxno=142101','2021-12-26','김미연(info)',NULL,NULL,NULL,NULL),
(25,'2022-03-21 14:48:34','인텔리빅스, 중대재해처벌법 대응 비전AI 솔루션 제공','http://www.dt.co.kr/contents.html?article_no=2022021302109931650006&ref=naver','2022-02-13','김미연(info)',NULL,NULL,NULL,NULL),
(26,'2022-03-21 18:38:00','인텔리빅스 \"산불 진화 골든타임, 비전 AI가 지킨다\"','http://www.aitimes.com/news/articleView.html?idxno=143548','2022-03-21 ','김미연(info)',NULL,NULL,NULL,NULL),
(27,'2022-04-25 14:36:55','\"사각지대가 없다\" 인텔리빅스가 선보인 비전AI 기술, 어떻게 쓰이나?','http://www.aitimes.com/news/articleView.html?idxno=144138','2022-04-20','김미연(info)',NULL,NULL,NULL,NULL),
(28,'2022-04-25 14:40:25','인텔리빅스, ‘21회 SECON’서 선도적 영상보안 기술 공개','http://www.itdaily.kr/news/articleView.html?idxno=207661','22-04-20','김미연(info)',NULL,NULL,NULL,NULL),
(29,'2022-04-25 14:46:36','인텔리빅스, 2022 대한민국 혁신대상(Innovation Award) 수상','https://n.news.naver.com/mnews/article/008/0004736182?sid=101','2022-04-21','김미연(info)',NULL,NULL,NULL,NULL),
(30,'2022-04-25 15:02:10',' 인텔리빅스, 엔비디아 메트로폴리스 파트너사에 선정','https://www.ddaily.co.kr/news/article/?no=236216','22-04-25','김미연(info)',NULL,NULL,NULL,NULL),
(31,'2022-05-18 17:51:00','일본, 한국 AI 기술로 교통약자 이동권 지원','http://www.aitimes.com/news/articleView.html?idxno=144650','2022-05-18','김미연(info)',NULL,NULL,NULL,NULL),
(32,'2022-06-10 10:30:19','인텔리빅스, KISA 2022년 인공지능 보안 시제품 개발 사업 수행','https://www.ddaily.co.kr/news/article/?no=239550','2022-06-10','김미연(info)',NULL,NULL,NULL,NULL),
(33,'2022-06-22 10:49:33','인텔리빅스, 2022년 신입·경력 공채 실시','http://www.datanet.co.kr/news/articleView.html?idxno=173790','2022-06-22','김미연(info)',NULL,NULL,NULL,NULL),
(34,'2022-07-04 11:12:45','중대재해처벌법 시행으로 주목! 산업안전 솔루션 집중 분석','https://www.boannews.com/media/view.asp?idx=107820&kind=','2022-07-04','김미연(info)',NULL,NULL,NULL,NULL),
(35,'2022-07-19 11:53:59','인텔리빅스 ‘AI Edge Box’, 과기정통부 우수 R&D 혁신제품 선정','https://www.boannews.com/media/view.asp?idx=108430&kind=','2022-07-19','김미연(info)',NULL,NULL,NULL,NULL),
(36,'2022-08-24 16:47:35','인텔리빅스, 2022 스마트건설EXPO 참가','https://www.ddaily.co.kr/news/article/?no=245172','2022-08-24','김미연(info)',NULL,NULL,NULL,NULL),
(42,'2022-10-20 11:34:04','비전 AI 기술이 산업안전 지킨다…인텔리빅스가 소개한 제품은','http://www.aitimes.com/news/articleView.html?idxno=146565','2022-09-01','김미연(info)',NULL,NULL,NULL,NULL),
(43,'2022-10-20 11:35:53','인텔리빅스, ‘한국건설안전박람회’서 비전 AI 기술 선봬','http://www.itdaily.kr/news/articleView.html?idxno=210576','2022-10-16','김미연(info)',NULL,NULL,NULL,NULL),
(44,'2022-10-20 11:38:50','인텔리빅스, 국제치안산업대전 참가  ','https://idsn.co.kr/news/view/1065578244732034','2022-10-18','김미연(info)',NULL,NULL,NULL,NULL),
(45,'2022-10-20 11:40:03','코오롱글로벌 - 인텔리빅스 스마트 안전기술 얼라이언스 구축협약(MOU) ','https://www.viva100.com/main/view.php?key=20221018010004147','2022-10-18','김미연(info)',NULL,NULL,NULL,NULL),
(46,'2022-10-20 11:43:13','중소기술혁신대전(ITS2022) \'K-혁신기업 쇼케이스\' 인텔리빅스 ','http://www.smedaily.co.kr/news/articleView.html?idxno=241013','2022-10-19','김미연(info)',NULL,NULL,NULL,NULL),
(47,'2022-10-27 18:04:28','[2022년 대한민국 혁신 정보보호제품]인텔리빅스/딥러닝(DCNN) 기반 에지형 영상분석장치','https://www.etnews.com/20221027000124','2022-10-27','김미연(info)',NULL,NULL,NULL,NULL),
(48,'2022-10-31 11:41:17','[스브스뉴스]22분 지나면 95% 놓친다? 사람 대신 사람 구하는 \'이것\'','https://youtu.be/bMgYHSimXJw','2022-10-28','김미연(info)',NULL,NULL,NULL,NULL),
(49,'2022-11-09 18:26:30','“제2의 이태원 압사 사고, AI로 예방 가능합니다”','https://newstheai.com/site/data/html_dir/2022/11/09/2022110980238.html','2022-11-09','김미연(info)',NULL,NULL,NULL,NULL),
(50,'2022-11-09 18:35:59','“AI, 압사 사고 방지 기술로 주목… 가능성 검증됐다”','http://digitalchosun.dizzo.com/site/data/html_dir/2022/11/09/2022110980240.html','2022-11-09','김미연(info)',NULL,NULL,NULL,NULL),
(51,'2022-11-15 15:17:49','인텔리빅스-세라에스이, 이촌역에 AI 엘리베이터 자동호출 시스템 시범 도입','https://n.news.naver.com/mnews/article/138/0002136805?sid=004','2022-11-15','김미연(info)',NULL,NULL,NULL,NULL),
(52,'2022-11-24 18:50:28','[2022년 대한민국 혁신 정보보호 제품 대상] 물리보안/인텔리빅스 \'AI 에지박스\'','https://www.etnews.com/20221124000062','2022-11-24','김미연(info)',NULL,NULL,NULL,NULL),
(53,'2022-12-01 16:51:26','인텔리빅스, 20여년간 \'비전 AI\' 외길…국내외서 기술력 입증','https://n.news.naver.com/mnews/article/030/0003063185?sid=101','2022-12-01','김미연(info)',NULL,NULL,NULL,NULL),
(55,'2022-12-22 16:19:01','인텔리빅스, AI로 신한은행 ATM 지킨다','http://www.cctvnews.co.kr/news/articleView.html?idxno=234279','2022-12-22','김미연(info)',NULL,NULL,NULL,NULL),
(56,'2023-01-17 15:16:13','서울 중구에 AI 군중안전 솔루션 시험 운영','https://www.boannews.com/media/view.asp?idx=113544&kind=3','2023-01-17','김미연(info)',NULL,NULL,NULL,NULL),
(57,'2023-01-30 10:43:56','2023 Emerging AI+X Top 100 인텔리빅스 선정','https://www.aitimes.kr/news/articleView.html?idxno=27239','2023-01-30 ','김미연(info)',NULL,NULL,NULL,NULL),
(58,'2023-02-02 18:59:06','AI는 방심하지 않는다, 안전 산업에 AI 우뚝','http://www.cctvnews.co.kr/news/articleView.html?idxno=234566','2023-02-02 ','김미연(info)',NULL,NULL,NULL,NULL),
(59,'2023-03-24 11:24:27','인텔리빅스, SECON 2023에서 AI 카메라 신제품 공개','https://www.cctvnews.co.kr/news/articleView.html?idxno=234914','2023-03-24','김미연(info)',NULL,NULL,NULL,NULL);

/*Table structure for table `newsFile` */

DROP TABLE IF EXISTS `newsFile`;

CREATE TABLE `newsFile` (
  `no` bigint(20) NOT NULL AUTO_INCREMENT,
  `news_no` bigint(20) DEFAULT NULL,
  `orig_file_name` varchar(250) DEFAULT NULL,
  `save_file_name` varchar(500) DEFAULT NULL,
  `file_size` int(11) DEFAULT '0',
  `file_ext` varchar(10) DEFAULT NULL,
  `file_path` varchar(250) DEFAULT NULL,
  `delete_yn` char(1) DEFAULT 'N',
  `reg_time` datetime DEFAULT NULL,
  PRIMARY KEY (`no`)
) ENGINE=InnoDB DEFAULT CHARSET=utf8 COMMENT='썸네일 테이블';

/*Data for the table `newsFile` */

/*Table structure for table `news_file` */

DROP TABLE IF EXISTS `news_file`;

CREATE TABLE `news_file` (
  `no` bigint(20) NOT NULL AUTO_INCREMENT,
  `delete_yn` varchar(255) DEFAULT NULL,
  `file_ext` varchar(255) DEFAULT NULL,
  `file_path` varchar(255) DEFAULT NULL,
  `file_size` int(11) NOT NULL,
  `news_no` bigint(20) DEFAULT NULL,
  `orig_file_name` varchar(255) DEFAULT NULL,
  `reg_time` datetime DEFAULT NULL,
  `save_file_name` varchar(255) DEFAULT NULL,
  PRIMARY KEY (`no`)
) ENGINE=InnoDB AUTO_INCREMENT=61 DEFAULT CHARSET=utf8;

/*Data for the table `news_file` */

insert  into `news_file`(`no`,`delete_yn`,`file_ext`,`file_path`,`file_size`,`news_no`,`orig_file_name`,`reg_time`,`save_file_name`) values 
(3,'N','jpg','/intellivix/tomcat/resource/',107976,3,'1380510_20210205141632_129_0001.jpg',NULL,'FILE_06293491.jpg'),
(4,'N','png','/intellivix/tomcat/resource/',11029,4,'섬네일_로고.png',NULL,'FILE_24326545.png'),
(5,'N','jpg','/intellivix/tomcat/resource/',50532,5,'평택항 이미지.jpg',NULL,'FILE_15561263.jpg'),
(6,'N','JPG','/intellivix/tomcat/resource/',3797816,6,'IMG_1968.JPG',NULL,'FILE_96574482.JPG'),
(7,'N','JPG','/intellivix/tomcat/resource/',3892763,7,'IMG_1965.JPG',NULL,'FILE_60819211.JPG'),
(8,'N','jpg','/intellivix/tomcat/resource/',253694,8,'139148_139605_3533.jpg',NULL,'FILE_19619512.jpg'),
(9,'N','jpg','/intellivix/tomcat/resource/',263273,9,'139177_139646_5546.jpg',NULL,'FILE_40150803.jpg'),
(10,'N','jpg','/intellivix/tomcat/resource/',113080,10,'21528_32297_582.jpg',NULL,'FILE_34911307.jpg'),
(11,'N','jpg','/intellivix/tomcat/resource/',99702,11,'1436713_20210720163458_406_0001.jpg',NULL,'FILE_00017839.jpg'),
(12,'N','jpg','/intellivix/tomcat/resource/',232457,12,'140119_141243_4723.jpg',NULL,'FILE_46578993.jpg'),
(13,'N','gif','/intellivix/tomcat/resource/',287702,13,'140341_141646_3746.gif',NULL,'FILE_94186583.gif'),
(14,'N','jpg','/intellivix/tomcat/resource/',30407,14,'149d7b2bee288a725a8f3e6407cbfb2d.jpg',NULL,'FILE_14034504.jpg'),
(15,'N','jpg','/intellivix/tomcat/resource/',276850,15,'140670_142242_3959.jpg',NULL,'FILE_56917730.jpg'),
(16,'N','jpg','/intellivix/tomcat/resource/',262889,16,'140684_142289_2240.jpg',NULL,'FILE_84905539.jpg'),
(17,'N','jpg','/intellivix/tomcat/resource/',182694,17,'140763_142417_059.jpg',NULL,'FILE_32210963.jpg'),
(18,'N','png','/intellivix/tomcat/resource/',11029,18,'섬네일_로고.png',NULL,'FILE_02024554.png'),
(19,'N','png','/intellivix/tomcat/resource/',11029,19,'섬네일_로고.png',NULL,'FILE_90770085.png'),
(20,'N','png','/intellivix/tomcat/resource/',11029,20,'섬네일_로고.png',NULL,'FILE_85015720.png'),
(21,'N','jpg','/intellivix/tomcat/resource/',40897,21,'2021111402109931650001[1].jpg',NULL,'FILE_21880282.jpg'),
(22,'N','jpg','/intellivix/tomcat/resource/',133246,22,'141814_144863_1429.jpg',NULL,'FILE_02471813.jpg'),
(23,'N','jpg','/intellivix/tomcat/resource/',377574,23,'141974_145356_3242.jpg',NULL,'FILE_25662127.jpg'),
(24,'N','jpg','/intellivix/tomcat/resource/',951548,24,'142101_145728_1750.jpg',NULL,'FILE_06383807.jpg'),
(25,'N','png','/intellivix/tomcat/resource/',1777496,25,'(인텔리빅스) 산업현장 내 작업자 쓰러짐 감지 이미지.png',NULL,'FILE_10348521.png'),
(26,'N','jpg','/intellivix/tomcat/resource/',393747,26,'143548_148696_521.jpg',NULL,'FILE_75568216.jpg'),
(27,'N','png','/intellivix/tomcat/resource/',2278441,27,'144138_149791_492.png',NULL,'FILE_75218502.png'),
(28,'N','png','/intellivix/tomcat/resource/',12369,28,'인텔리빅스 로고(썸네일).png',NULL,'FILE_67901789.png'),
(29,'N','png','/intellivix/tomcat/resource/',26809,29,'대한민국 혁신대상(썸네일2).png',NULL,'FILE_41010135.png'),
(30,'N','png','/intellivix/tomcat/resource/',12369,30,'인텔리빅스 로고(썸네일).png',NULL,'FILE_00639529.png'),
(31,'N','jpg','/intellivix/tomcat/resource/',680479,31,'안내견.jpg',NULL,'FILE_75661765.jpg'),
(32,'N','png','/intellivix/tomcat/resource/',58951,32,'홈페이지 섬네일.png',NULL,'FILE_31780074.png'),
(33,'N','png','/intellivix/tomcat/resource/',58951,33,'홈페이지 섬네일.png',NULL,'FILE_07281327.png'),
(34,'N','png','/intellivix/tomcat/resource/',231081,34,'화면 캡처 2022-07-04 111219.png',NULL,'FILE_86192491.png'),
(35,'N','jpg','/intellivix/tomcat/resource/',1029843,35,'혁신제품 인증서 수여식 1_인텔리빅스_Resize.jpg',NULL,'FILE_00986060.jpg'),
(36,'N','png','/intellivix/tomcat/resource/',120282,36,'섬네일.png',NULL,'FILE_67483376.png'),
(39,'N','png','/intellivix/tomcat/resource/',1068609,42,'146565_154360_4923.png',NULL,'FILE_94723164.png'),
(40,'N','jpg','/intellivix/tomcat/resource/',4474252,43,'건설안전박람회_부스이미지.jpg',NULL,'FILE_88174690.jpg'),
(41,'N','jpg','/intellivix/tomcat/resource/',316647,44,'치안 사진.jpg',NULL,'FILE_16273834.jpg'),
(42,'N','jpg','/intellivix/tomcat/resource/',123336,45,'2022101801000969400041471.jpg',NULL,'FILE_05240472.jpg'),
(43,'N','jpg','/intellivix/tomcat/resource/',122407,46,'241013_178648_1149.jpg',NULL,'FILE_80008249.jpg'),
(45,'N','png','/intellivix/tomcat/resource/',110591,47,'장정훈대표님_프로필촬영_보정본-2.png',NULL,'FILE_14908443.png'),
(46,'N','jpg','/intellivix/tomcat/resource/',162979,48,'유튜브_메인.jpg',NULL,'FILE_13750156.jpg'),
(47,'N','png','/intellivix/tomcat/resource/',1068810,49,'화면 캡처 2022-11-09 182552.png',NULL,'FILE_57553406.png'),
(49,'N','png','/intellivix/tomcat/resource/',2454245,50,'대지 2.png',NULL,'FILE_35949671.png'),
(50,'N','png','/intellivix/tomcat/resource/',502894,51,'(사진) 인텔리빅스 엣지박스 휠체어 감지 영상화면 캡처.png',NULL,'FILE_86297351.png'),
(51,'N','jpg','/intellivix/tomcat/resource/',75947,52,'1596766_20221124101643_055_0002.jpg',NULL,'FILE_21266058.jpg'),
(53,'N','jpg','/intellivix/tomcat/resource/',170731,53,'0003063185_003_20221201161305967.jpg',NULL,'FILE_19414205.jpg'),
(56,'N','jpg','/intellivix/tomcat/resource/',148770,55,'234279_237091_650.jpg',NULL,'FILE_26711869.jpg'),
(57,'N','png','/intellivix/tomcat/resource/',7431880,56,'인텔리빅스 군중안전 솔루션 적용 화면 이미지(수정).png',NULL,'FILE_61991857.png'),
(58,'N','jpg','/intellivix/tomcat/resource/',4638341,57,'2023 AI 랜드스케이프.jpg',NULL,'FILE_65853286.jpg'),
(59,'N','png','/intellivix/tomcat/resource/',1167371,58,'234566_237489_225.png',NULL,'FILE_84794194.png'),
(60,'N','jpg','/intellivix/tomcat/resource/',890967,59,'인텔리빅스_부스 조감도_세계보안엑스포.jpg',NULL,'FILE_34655252.jpg');

/*Table structure for table `notice` */

DROP TABLE IF EXISTS `notice`;

CREATE TABLE `notice` (
  `no` int(11) NOT NULL AUTO_INCREMENT,
  `title` varchar(45) COLLATE utf8_bin NOT NULL COMMENT '제목',
  `content` longtext COLLATE utf8_bin NOT NULL COMMENT '내용',
  `create_date` datetime NOT NULL COMMENT '등록일',
  `create_admin` varchar(45) COLLATE utf8_bin NOT NULL COMMENT '등록자',
  `update_date` datetime NOT NULL COMMENT '수정일',
  `views` int(11) DEFAULT '0',
  PRIMARY KEY (`no`)
) ENGINE=InnoDB AUTO_INCREMENT=16 DEFAULT CHARSET=utf8 COLLATE=utf8_bin COMMENT='공지사항 테이블';

/*Data for the table `notice` */

insert  into `notice`(`no`,`title`,`content`,`create_date`,`create_admin`,`update_date`,`views`) values 
(4,'제22기 정기주주총회 [소집 공고]','<p><b><span style=\"font-size: 14pt;\">제22기 정기주주총회 [소집 공고]</span></b></p><p>&nbsp;</p><p>주주님의 건승과 댁내의 평안을 기원합니다.</p><p><br></p><p>우리회사 정관 제28조에 의하여 정기주주총회를 아래와 같이 소집하오니 참석하여 주시기 바랍니다.&nbsp;</p><p>-&nbsp; 아&nbsp; &nbsp; &nbsp; &nbsp; 래&nbsp; -</p><p>&nbsp;</p><p>&nbsp; &nbsp;1.<span style=\"white-space:pre\">	</span>일&nbsp; &nbsp; 시 : 2022년 03월 31일(목) 오전 10시</p><p><br></p><p>&nbsp; &nbsp;2.<span style=\"white-space:pre\">	</span>장&nbsp; &nbsp; 소 : 서울특별시 서초구 효령로 34길 4, 프린스효령빌딩 6층&nbsp;</p><p>&nbsp; &nbsp; &nbsp; &nbsp; &nbsp; &nbsp; &nbsp; &nbsp; &nbsp; (방배동, 프린스 효령빌딩) (Tel. 02-581-3883)</p><p><br></p><p>&nbsp; &nbsp;3.<span style=\"white-space:pre\">	</span>회의목적사항</p><p>&nbsp; &nbsp; &nbsp; 《보고 안건》 감사보고 / 영업보고</p><p>&nbsp; &nbsp; &nbsp; 《부의 안건》</p><p>&nbsp; &nbsp; &nbsp; &nbsp; &nbsp; &nbsp; 제1호 의안 : 제22기 재무제표 승인의 건</p><p>&nbsp; &nbsp; &nbsp; &nbsp; &nbsp; &nbsp; 제2호 의안 : 정관개정 승인의 건</p><p>&nbsp; &nbsp; &nbsp; &nbsp; &nbsp; &nbsp; 제3호 의안 : 이사보수 한도액의 승인의 건</p><p>&nbsp; &nbsp; &nbsp; &nbsp; &nbsp; &nbsp; 제4호 의안 : 감사보수 한도액의 승인의 건</p><p>&nbsp;</p><p>&nbsp; &nbsp;4. 경영참고사항 비치</p><p>&nbsp; &nbsp; &nbsp;상법 제448에 의거 경영참고사항을 우리 회사의 본점에 비치하오니 참고하시기 바랍니다.</p><p>&nbsp;</p><p>&nbsp; &nbsp;5. 실질주주의 의결권 행사에 관한 사항</p><p>&nbsp; &nbsp; &nbsp; 우리 회사의 이번 주주총회에서는 종전과 같이 주주총회에 참석하여 의결권을 직접 행사하시거나 또는 위임장에 의거 의결권을 간접 행사하실 수 있습니다.</p><p><br></p><p><br></p><p><br></p><p>2022년 03월 16일</p><p>서울특별시 서초구 효령로 34길 4, 프린스효령빌딩</p><p>주식회사 인텔리빅스 대표이사 장정훈 (직인생략)</p><div><br></div>','2022-03-16 19:39:45','김미연(info)','2022-03-16 19:39:45',130),
(5,'제22기 정기주주총회 결과 공고','<p><span style=\"font-family: 나눔고딕, NanumGothic;\">제22기 정기주주총회 [결과 공고]</span></p><p><br></p><p><span style=\"font-family: 나눔고딕, NanumGothic;\">1.</span><span style=\"white-space: pre; font-family: 나눔고딕, NanumGothic;\">	</span><span style=\"font-family: 나눔고딕, NanumGothic;\">일&nbsp; &nbsp;시 : 2022년 03월 31일 10시</span></p><p><span style=\"font-family: 나눔고딕, NanumGothic;\">2.</span><span style=\"white-space: pre; font-family: 나눔고딕, NanumGothic;\">	</span><span style=\"font-family: 나눔고딕, NanumGothic;\">장&nbsp; &nbsp;소 : 서울특별시 서초구 효령로 34길 4, 프린스효령빌딩(방배동, 프린스 효령빌딩)</span></p><p><span style=\"font-family: 나눔고딕, NanumGothic;\">3.</span><span style=\"white-space: pre; font-family: 나눔고딕, NanumGothic;\">	</span><span style=\"font-family: 나눔고딕, NanumGothic;\">의&nbsp; &nbsp;안&nbsp;</span></p><p><span style=\"font-family: 나눔고딕, NanumGothic;\">제1호 의안 : 제22기(2021.01.01~2021.12.31) 재무제표 승인의 건</span></p><p><span style=\"font-family: 나눔고딕, NanumGothic;\">☞ 추후 임시주주총회를 개최하여 승인&nbsp;</span></p><p><br></p><p><span style=\"font-family: 나눔고딕, NanumGothic;\">제2호 의안 : 정관개정 승인의 건</span></p><p><span style=\"font-family: 나눔고딕, NanumGothic;\">☞ 원안대로 가결&nbsp;</span></p><p><br></p><p><span style=\"font-family: 나눔고딕, NanumGothic;\">제3호 의안 : 이사보수 한도액의 승인의 건</span></p><p><span style=\"font-family: 나눔고딕, NanumGothic;\">☞ 원안대로 가결&nbsp;</span></p><p><br></p><p><span style=\"font-family: 나눔고딕, NanumGothic;\">제4호 의안 : 감사보수 한도액의 승인의 건</span></p><p><span style=\"font-family: 나눔고딕, NanumGothic;\">☞ 원안대로 가결&nbsp;</span></p><p><br></p><p><span style=\"font-family: 나눔고딕, NanumGothic;\">2022년 03월 31일 개최의 당사 제22기 정기주주총회에서 상기와 같이&nbsp;</span></p><p><span style=\"font-family: 나눔고딕, NanumGothic;\">결의되었으므로 공고함.</span></p><p><br></p><p><span style=\"font-family: 나눔고딕, NanumGothic;\">2022년 03월 31일</span></p><p><span style=\"font-family: 나눔고딕, NanumGothic;\">주식회사 인텔리빅스</span></p><p><span style=\"font-family: 나눔고딕, NanumGothic;\">대표이사 장 정 훈 (직인생략)&nbsp;</span></p><div><br></div>','2022-03-31 11:57:18','김미연(info)','2023-02-27 17:57:32',221),
(8,'제23기 정기주주총회 [소집 공고]  ','<p>제23기 정기주주총회 [소집 공고]</p><p>&nbsp;</p><p>주주님의 건승과 댁내의 평안을 기원합니다.</p><p><br></p><p>우리회사 정관 제28조에 의하여 정기주주총회를 아래와 같이 소집하오니 참석하여 주시기 바랍니다.&nbsp;</p><p><br></p><p>-&nbsp; 아&nbsp; &nbsp; &nbsp; &nbsp; 래&nbsp; -</p><p>&nbsp;</p><p>1.<span style=\"white-space:pre\">	</span>일&nbsp; &nbsp; 시 : 2023년 03월 28일(화) 오전 10시</p><p><br></p><p>2.<span style=\"white-space:pre\">	</span>장&nbsp; &nbsp; 소 : 서울특별시 서초구 효령로 34길 4, 프린스효령빌딩 6층&nbsp;</p><p>&nbsp; &nbsp; &nbsp; &nbsp; &nbsp; &nbsp; &nbsp; &nbsp; &nbsp; (방배동, 프린스 효령빌딩) (Tel. 02-581-3883)</p><p><br></p><p>3.<span style=\"white-space:pre\">	</span>회의목적사항</p><p>&nbsp; &nbsp; &nbsp; 《보고 안건》 감사보고 / 영업보고</p><p>&nbsp; &nbsp; &nbsp; 《부의 안건》</p><p>&nbsp; &nbsp; &nbsp; &nbsp; &nbsp; &nbsp;제1호 의안 : 제23기 재무제표 승인의 건</p><p>&nbsp; &nbsp; &nbsp; &nbsp; &nbsp; &nbsp;제2호 의안 : 정관개정 승인의 건</p><p>&nbsp; &nbsp; &nbsp; &nbsp; &nbsp; &nbsp;제3호 의안 : 이사보수 한도액의 승인의 건</p><p>&nbsp; &nbsp; &nbsp; &nbsp; &nbsp; &nbsp;제4호 의안 : 감사보수 한도액의 승인의 건</p><p>&nbsp;</p><p>&nbsp;4.<span style=\"white-space: pre;\">	</span>&nbsp;경영참고사항 비치</p><p>&nbsp; &nbsp; &nbsp; &nbsp;상법 제448에 의거 경영참고사항을 우리 회사의 본점에 비치하오니 참고하시기 바랍니다.</p><p>&nbsp;</p><p>5.<span style=\"white-space: pre;\">	</span>&nbsp;실질주주의 의결권 행사에 관한 사항</p><p>&nbsp; &nbsp; &nbsp; &nbsp;우리 회사의 이번 주주총회에서는 종전과 같이 주주총회에 참석하여 의결권을 직접 행사하시거나 또는 위임장에 의거 의결권을 간접 행사하실 수 있습니다.</p><p><br></p><p><br></p><p><br></p><p><br></p><p>2023년 03월 15일</p><p>서울특별시 서초구 효령로 34길 4, 프린스효령빌딩</p><p>주식회사 인텔리빅스 대표이사 장정훈 (직인생략)</p><div><br></div>','2023-03-15 11:41:01','김미연(info)','2023-03-20 10:04:35',9),
(9,'제23기 정기주주총회 [기준일 및 주주명부 폐쇄기간 설정 공고]','<p>제23기 정기주주총회</p><p>[기준일 및 주주명부 폐쇄기간 설정 공고]</p><p><br></p><p style=\"text-align: right; \" align=\"right\">2023년 03월 15일&nbsp;</p><p><br></p><p><br></p><p>상법 제354조 및 우리회사 정관 제21조에 의거하여 2022년 12월 31일 현재 주주명부에 기재되어 있는 주주에게 의결권을 부여하며, 권리주주 확정을 위해 2023년 1월 1일부터 2023년 1월 15일까지 주식의 명의개서, 질권의 등록 및 그 변경과 말소, 신탁재산의 표시 및 말소 등 주주명부의 기재사항 변경을 정지함을 공고합니다.</p><p><br></p><p><br></p><p>2023년 03월 15일</p><p><br></p><p>서울특별시 서초구 효령로 34길 4, 프린스효령빌딩</p><p>주식회사 인텔리빅스 대표이사 장정훈 (직인생략)</p><div><br></div>','2023-03-15 11:44:42','김미연(info)','2023-03-15 11:44:42',7),
(10,'제23기 정기주주총회 결과 공고','<p><span style=\"font-size: 10pt;\">제23기 정기주주총회 결과 공고</span></p><p><br></p><p><span style=\"font-size: 10pt;\">1.</span><span style=\"white-space: pre; font-size: 10pt;\">	</span><span style=\"font-size: 10pt;\">일&nbsp; &nbsp;시 : 2022년 03월 28일 10시</span></p><p><span style=\"font-size: 10pt;\">2.</span><span style=\"white-space: pre; font-size: 10pt;\">	</span><span style=\"font-size: 10pt;\">장&nbsp; &nbsp;소 : 서울특별시 서초구 효령로 34길 4, 프린스효령빌딩(방배동, 프린스 효령빌딩)</span></p><p><span style=\"font-size: 10pt;\">3.</span><span style=\"white-space: pre; font-size: 10pt;\">	</span><span style=\"font-size: 10pt;\">의&nbsp; &nbsp;안&nbsp;</span></p><p><span style=\"font-size: 10pt;\">제1호 의안 : 제23기(2022.01.01~2022.12.31) 재무제표 승인의 건</span></p><p><span style=\"font-size: 10pt;\">☞ 원안대로 승인&nbsp;</span></p><p><br></p><p><span style=\"font-size: 10pt;\">제2호 의안 : 정관개정 승인의 건</span></p><p><span style=\"font-size: 10pt;\">☞ 원안대로 가결&nbsp;</span></p><p><br></p><p><span style=\"font-size: 10pt;\">제3호 의안 : 이사보수 한도액의 승인의 건</span></p><p><span style=\"font-size: 10pt;\">☞ 원안대로 가결&nbsp;</span></p><p><br></p><p><span style=\"font-size: 10pt;\">제4호 의안 : 감사보수 한도액의 승인의 건</span></p><p><span style=\"font-size: 10pt;\">☞ 원안대로 가결&nbsp;</span></p><p><br></p><p><span style=\"font-size: 10pt;\">2023년 03월 28일 개최의 당사 제23기 정기주주총회에서 상기와 같이&nbsp;</span></p><p><span style=\"font-size: 10pt;\">결의되었으므로 공고함.</span></p><p><br></p><p><span style=\"font-size: 10pt;\">2023년 03월 28일</span></p><p><span style=\"font-size: 10pt;\">주식회사 인텔리빅스</span></p><p><span style=\"font-size: 10pt;\">대표이사 장 정 훈 (직인생략)&nbsp;</span></p><div><br></div>','2023-03-28 13:16:01','김미연(info)','2023-03-28 13:16:01',3);

/*Table structure for table `procurement` */

DROP TABLE IF EXISTS `procurement`;

CREATE TABLE `procurement` (
  `no` int(11) NOT NULL AUTO_INCREMENT,
  `create_date` datetime DEFAULT NULL,
  `division` varchar(100) DEFAULT NULL,
  `subject` varchar(100) DEFAULT NULL,
  `ino` varchar(100) NOT NULL,
  `product_name` varchar(100) DEFAULT NULL,
  `model_name` varchar(100) DEFAULT NULL,
  `product_standard` varchar(100) DEFAULT NULL,
  `equipment` varchar(100) DEFAULT NULL,
  `price` varchar(100) NOT NULL,
  `create_admin` varchar(100) NOT NULL,
  PRIMARY KEY (`no`)
) ENGINE=InnoDB AUTO_INCREMENT=320 DEFAULT CHARSET=utf8;

/*Data for the table `procurement` */

insert  into `procurement`(`no`,`create_date`,`division`,`subject`,`ino`,`product_name`,`model_name`,`product_standard`,`equipment`,`price`,`create_admin`) values 
(1,'2022-03-22 11:37:31','PRO','main','24290828','','VIXAI-SYS-C001','영상감시장치, 인텔리빅스, VIXAI-SYS-C001, 방범감시시스템','','3,198,900','김미연(info)'),
(2,'2022-03-22 11:43:42','PRO','main','24290829','','VIXAI-SYS-C002','영상감시장치, 인텔리빅스, VIXAI-SYS-C002, 방범감시시스템','','4,540,000','김미연(info)'),
(3,'2022-03-22 11:50:56','PRO','main','24290830','','VIXAI-SYS-C003','영상감시장치, 인텔리빅스, VIXAI-SYS-C003, 방범감시시스템','','5,883,000','김미연(info)'),
(4,'2022-03-22 11:52:09','PRO','main','24290831','','VIXAI-SYS-C004','영상감시장치, 인텔리빅스, VIXAI-SYS-C004, 방범감시시스템','','7,226,000','김미연(info)'),
(5,'2022-03-22 11:53:05','PRO','main','24290832','','VIXAI-SYS-C005','영상감시장치, 인텔리빅스, VIXAI-SYS-C005, 방범감시시스템','','2,942,000','김미연(info)'),
(6,'2022-03-22 11:54:01','PRO','main','24290833','','VIXAI-SYS-C006','영상감시장치, 인텔리빅스, VIXAI-SYS-C006, 방범감시시스템','','4,045,000','김미연(info)'),
(7,'2022-03-22 11:54:45','PRO','main','24290834','','VIXAI-SYS-C007','영상감시장치, 인텔리빅스, VIXAI-SYS-C007, 방범감시시스템','','5,151,000','김미연(info)'),
(8,'2022-03-22 11:55:30','PRO','main','24290835','','VIXAI-SYS-C008','영상감시장치, 인텔리빅스, VIXAI-SYS-C008, 방범감시시스템','','6,257,000','김미연(info)'),
(9,'2022-03-22 11:56:36','PRO','main','24290836','','VIXAI-SYS-C009','영상감시장치, 인텔리빅스, VIXAI-SYS-C009, 방범감시시스템','','6,343,000','김미연(info)'),
(10,'2022-03-22 11:57:28','PRO','main','24290837','','VIXAI-SYS-C010','영상감시장치, 인텔리빅스, VIXAI-SYS-C010, 방범감시시스템','','10,815,000','김미연(info)'),
(11,'2022-03-22 11:58:02','PRO','main','24290838','','VIXAI-SYS-C011','영상감시장치, 인텔리빅스, VIXAI-SYS-C011, 방범감시시스템','','15,283,000','김미연(info)'),
(12,'2022-03-22 11:58:38','PRO','main','24290839','','VIXAI-SYS-C012','영상감시장치, 인텔리빅스, VIXAI-SYS-C012, 방범감시시스템','','19,753,000','김미연(info)'),
(13,'2022-03-22 12:01:07','PRO','sub','23666049','디스크어레이','TW/EP-2126J','디스크어레이, Unifosa, TW/EP-2126J','','8,401,000','김미연(info)'),
(14,'2022-03-22 12:16:30','PRO','sub','23666011','디스크어레이','TW/EN-3166','디스크어레이, Unifosa, TW/EN-3166, 64GB(캐시)','','18,941,000','김미연(info)'),
(15,'2022-03-22 12:17:19','PRO','sub','23666050','디스크어레이','TW/EP-3166J','디스크어레이, Unifosa, TW/EP-3166J','','9,491,000','김미연(info)'),
(16,'2022-03-22 12:18:06','PRO','sub','23578101','디스크어레이','US/DBL(DW-F800-DBLC)','디스크어레이, Hitachi, US/DBL(DW-F800-DBLC), 12Bay','','7,601,000','김미연(info)'),
(17,'2022-03-22 12:18:50','PRO','sub','23578103','디스크어레이','US/DB60(DW-F800-DB60C)','디스크어레이, Hitachi, US/DB60(DW-F800-DB60C), 60Bay','','14,252,700','김미연(info)'),
(18,'2022-03-22 12:19:46','PRO','sub','23576967','디스크어레이','US/VSP G350','디스크어레이, Hitachi, US/VSP G350, 12Bay','','19,376,000','김미연(info)'),
(19,'2022-03-22 12:20:24','PRO','sub','23839094','디지털비디오레코더','EM-04B2','디지털비디오레코더, 엠스톤, EM-04B2, 8GB','','1,859,000','김미연(info)'),
(20,'2022-03-22 12:21:04','PRO','sub','23839093','디지털비디오레코더','EM-09B2','디지털비디오레코더, 엠스톤, EM-09B2, 8GB','','2,156,000','김미연(info)'),
(21,'2022-03-22 12:21:42','PRO','sub','23839092','디지털비디오레코더','EM-16B2','디지털비디오레코더, 엠스톤, EM-16B2, 8GB','','2,882,000','김미연(info)'),
(22,'2022-03-22 12:22:18','PRO','sub','23666143','디지털비디오레코더','EM-16B8','디지털비디오레코더, 엠스톤, EM-16B8, 4TB','','4,745,000','김미연(info)'),
(23,'2022-03-22 12:23:07','PRO','sub','23666144','디지털비디오레코더','EM-25B8','디지털비디오레코더, 엠스톤, EM-25B8, 4TB','','5,455,000','김미연(info)'),
(24,'2022-03-22 12:23:44','PRO','sub','23666145','디지털비디오레코더','EM-36B8','디지털비디오레코더, 엠스톤, EM-36B8, 4TB','','6,742,000','김미연(info)'),
(25,'2022-03-22 12:24:21','PRO','sub','23666146','디지털비디오레코더','EM-49B8F','디지털비디오레코더, 엠스톤, EM-49B8F, 4TB','','9,142,000','김미연(info)'),
(26,'2022-03-22 12:24:54','PRO','sub','23666147','디지털비디오레코더','EM-64B8F','디지털비디오레코더, 엠스톤, EM-64B8F, 4TB','','9,995,000','김미연(info)'),
(27,'2022-03-22 12:25:28','PRO','sub','23666149','디지털비디오레코더','EM-100B8H','디지털비디오레코더, 엠스톤, EM-100B8H, 4TB','','12,376,000','김미연(info)'),
(34,'2022-03-24 14:35:25','PRO','sub','23666166','디지털비디오레코더','EM-128B16H','디지털비디오레코더, 엠스톤, EM-128B16H, 4TB','','16,786,000','김미연(info)'),
(35,'2022-03-24 14:36:05','PRO','sub','23674722','디지털비디오레코더','CMS-Station H-8','디지털비디오레코더, 엠스톤, CMS-Station H-8, 32GB','','1,917,000','김미연(info)'),
(36,'2022-03-24 14:36:38','PRO','sub','23674721','디지털비디오레코더','CMS-Station H-16','디지털비디오레코더, 엠스톤, CMS-Station H-16, 32GB','','2,744,000','김미연(info)'),
(37,'2022-03-24 14:37:14','PRO','sub','23671986','디지털비디오레코더','EM-NDS-04','디지털비디오레코더, 엠스톤, EM-NDS-04, 32GB','','8,100,000','김미연(info)'),
(38,'2022-03-24 14:38:17','PRO','sub','24247254','디지털비디오레코더','VIXAI-N16C04BJ','디지털비디오레코더, 인텔리빅스, VIXAI-N16C04BJ','','7,700,000','김미연(info)'),
(39,'2022-03-24 14:38:53','PRO','sub','24241216','디지털비디오레코더','VIXAI-N32C08BJ','디지털비디오레코더, 인텔리빅스, VIXAI-N32C08BJ','','8,470,000','김미연(info)'),
(40,'2022-03-24 14:39:31','PRO','sub','23515586','하드디스크드라이브','TH/HUS728T8TALE6L4','하드디스크드라이브, Western digital, TH/HUS728T8TALE6L4, 8TB','','902,000','김미연(info)'),
(41,'2022-03-24 14:40:05','PRO','sub','24336478','하드디스크드라이브','PH/MG08ADA800E','하드디스크드라이브, Toshiba, PH/MG08ADA800E, 8TB','','839,000','김미연(info)'),
(42,'2022-03-24 14:41:53','PRO','sub','24300638','하드디스크드라이브','TW/ST8000NM000A','하드디스크드라이브, Seagate, TW/ST8000NM000A, 8TB','','815,000','김미연(info)'),
(43,'2022-03-24 14:43:01','PRO','sub','23425065','하드디스크드라이브','CN/ST8000VX0022','하드디스크드라이브, Seagate, CN/ST8000VX0022, 8TB','','730,000','김미연(info)'),
(44,'2022-03-24 14:43:35','PRO','sub','24336477','하드디스크드라이브','PH/MG08ADA600E','하드디스크드라이브, Toshiba, PH/MG08ADA600E, 6TB','','628,000','김미연(info)'),
(45,'2022-03-24 14:44:05','PRO','sub','23809898','하드디스크드라이브','US/S2H-H6R0SS','하드디스크드라이브, Hitachi vantara, US/S2H-H6R0SS, 6TB','','3,211,000','김미연(info)'),
(46,'2022-03-24 14:44:44','PRO','sub','23515584','하드디스크드라이브','TH/HUS726T6TAL5204','하드디스크드라이브, Western digital, TH/HUS726T6TAL5204, 6TB','','693,900','김미연(info)'),
(47,'2022-03-24 14:45:20','PRO','sub','23515585','하드디스크드라이브','TH/HUS726T6TALE6L4','하드디스크드라이브, Western digital, TH/HUS726T6TALE6L4, 6TB','','746,000','김미연(info)'),
(48,'2022-03-24 14:45:49','PRO','sub','23411000','하드디스크드라이브','PH/MG04ACA600','하드디스크드라이브, Toshiba, PH/MG04ACA600, 6TB','','664,000','김미연(info)'),
(49,'2022-03-24 15:10:45','PRO','sub','24053647','하드디스크드라이브','US/ST16000NM001G','하드디스크드라이브, Seagate, US/ST16000NM001G, 16TB','','2,937,000','김미연(info)'),
(50,'2022-03-24 15:11:18','PRO','sub','24179988','하드디스크드라이브','TW/ST6000NM021A','하드디스크드라이브, Seagate, TW/ST6000NM021A, 6TB','','1,038,000','김미연(info)'),
(51,'2022-03-24 15:11:58','PRO','sub','23699282','하드디스크드라이브','CN/ST6000VX001','하드디스크드라이브, Seagate, CN/ST6000VX001, 6TB','','350,000','김미연(info)'),
(52,'2022-03-24 15:12:28','PRO','sub','23515583','하드디스크드라이브','TH/HUS726T4TALA6L4','하드디스크드라이브, Western digital, TH/HUS726T4TALA6L4, 4TB','','480,000','김미연(info)'),
(53,'2022-03-24 15:13:01','PRO','sub','23515582','하드디스크드라이브','TH/HUS726T4TAL5204','하드디스크드라이브, Western digital, TH/HUS726T4TAL5204, 4TB','','470,000','김미연(info)'),
(54,'2022-03-24 15:13:35','PRO','sub','23410999','하드디스크드라이브','PH/MG04ACA400','하드디스크드라이브, Toshiba, PH/MG04ACA400, 4TB','','470,000','김미연(info)'),
(55,'2022-03-24 15:14:15','PRO','sub','23129553','하드디스크드라이브','CN/ST4000VX007','하드디스크드라이브, Seagate, CN/ST4000VX007, 4TB','','217,000','김미연(info)'),
(56,'2022-03-24 15:14:50','PRO','sub','23410998','하드디스크드라이브','PH/MG04ACA200','하드디스크드라이브, Toshiba, PH/MG04ACA200, 2TB','','335,000','김미연(info)'),
(57,'2022-03-24 15:15:26','PRO','sub','23493115','하드디스크드라이브','US/WD20PURZ','하드디스크드라이브, Western digital, US/WD20PURZ, 2TB','','203,200','김미연(info)'),
(58,'2022-03-24 15:16:13','PRO','sub','24053648','하드디스크드라이브','US/ST18000NM000J','하드디스크드라이브, Seagate, US/ST18000NM000J, 18TB','','1,806,000','김미연(info)'),
(59,'2022-03-24 15:17:26','PRO','sub','24128427','하드디스크드라이브','TH/WUH721818ALE6L4','하드디스크드라이브, Western Digital, TH/WUH721818ALE6L4, 18TB','','2,946,000','김미연(info)'),
(60,'2022-03-24 15:23:35','PRO','sub','24384054','하드디스크드라이브','TH/ST16000NM000J','하드디스크드라이브, Seagate, TH/ST16000NM000J, 16TB','','1,618,000','김미연(info)'),
(61,'2022-03-24 15:24:05','PRO','sub','23809900','하드디스크드라이브','US/S2K-H14RSS','하드디스크드라이브, Hitachi vantara, US/S2K-H14RSS, 14TB','','7,482,000','김미연(info)'),
(62,'2022-03-24 15:24:35','PRO','sub','24053646','하드디스크드라이브','US/ST14000NM001G','하드디스크드라이브, Seagate, US/ST14000NM001G, 14TB','','1,393,000','김미연(info)'),
(63,'2022-03-24 15:25:18','PRO','sub','24128445','하드디스크드라이브','TH/WUH721414ALE6L4','하드디스크드라이브, Western digital, TH/WUH721414ALE6L4, 14TB','','1,363,000','김미연(info)'),
(64,'2022-03-24 15:25:50','PRO','sub','23608528','하드디스크드라이브','TH/HC520(HUH721212ALE600)','하드디스크드라이브, Western digital, TH/HC520(HUH721212ALE600), 12TB','','930,000','김미연(info)'),
(65,'2022-03-24 15:40:42','PRO','sub','24053641','하드디스크드라이브','US/ST12000NM001G','하드디스크드라이브, Seagate, US/ST12000NM001G, 12TB','','993,000','김미연(info)'),
(66,'2022-03-24 15:41:06','PRO','sub','23885523','하드디스크드라이브','TH/ST12000VE008','하드디스크드라이브, Seagate, TH/ST12000VE008, 12TB','','1,011,000','김미연(info)'),
(67,'2022-03-24 15:41:46','PRO','sub','23809899','하드디스크드라이브','US/R2H-H10RSS','하드디스크드라이브, Hitachi vantara, US/R2H-H10RSS, 10TB','','5,340,000','김미연(info)'),
(68,'2022-03-24 15:42:26','PRO','sub','23969355','오디오앰프','SGT-7300','오디오앰프, 원캐스트, SGT-7300, 50W','','1,215,000','김미연(info)'),
(69,'2022-03-25 09:39:09','PRO','sub','23966676','호온스피커','VHS-50S','호온스피커, 원캐스트, VHS-50S, 50W','','1,650,000','김미연(info)'),
(70,'2022-03-25 09:39:37','PRO','sub','24306626','PA용스피커','VCS-10S','PA용스피커, 원캐스트, VCS-10S, 10W','','1,133,000','김미연(info)'),
(71,'2022-03-25 09:40:03','PRO','sub','24310615','호온스피커','VHS-10S','호온스피커, 원캐스트, VHS-10S, 10W','','1,426,000','김미연(info)'),
(72,'2022-03-25 09:40:26','PRO','sub','22653451','누전차단기','EZ-30','누전차단기, 삼호이즈, EZ-30, 20A, 자동복구형','','220,000','김미연(info)'),
(73,'2022-03-25 09:40:50','PRO','sub','22816460','서지흡수기','SGC-220PL','서지흡수기, 파워트로닉스, SGC-220PL, 전원/통신용, 40/20kA','','202,400','김미연(info)'),
(74,'2022-03-25 09:41:25','PRO','sub','22813724','서지흡수기','DX-RJ45','서지흡수기, 파워트로닉스, DX-RJ45, 통신용, 20kA','','94,000','김미연(info)'),
(75,'2022-03-25 09:41:52','PRO','sub','22824443','서지흡수기','DX-RJ45PoE','서지흡수기, 파워트로닉스, DX-RJ45PoE, 데이터용, 20kA','','133,200','김미연(info)'),
(76,'2022-03-25 09:42:22','PRO','sub','22697780','서지흡수기','SJ300-E','서지흡수기, 성진테크윈, SJ300-E, 통신용, 100kA','','156,300','김미연(info)'),
(77,'2022-03-25 09:42:52','PRO','sub','22939058','서지흡수기','SJ400-P4','서지흡수기, 성진테크윈, SJ400-P4, 전원용, 160kA','','210,000','김미연(info)'),
(78,'2022-03-25 09:43:22','PRO','sub','21925061','서지흡수기','SJ400-PE','서지흡수기, 성진테크윈, SJ400-PE, 전원/이더넷일체형','','212,800','김미연(info)'),
(79,'2022-03-25 09:43:49','PRO','sub','21922127','서지흡수기','SJ-2204PRE','서지흡수기, 성진테크윈, SJ-2204PRE, 단상, 220V, 40kA, 전원용','','246,000','김미연(info)'),
(80,'2022-03-25 09:44:16','PRO','sub','22697779','서지흡수기','SJ400-P2','서지흡수기, 성진테크윈, SJ400-P2, 전원용, 60kA','','185,000','김미연(info)'),
(81,'2022-03-25 09:44:40','PRO','sub','23835719','서지흡수기','SJ300-EG','서지흡수기, 성진테크윈, SJ300-EG, 신호용, 20kA','','211,000','김미연(info)'),
(82,'2022-03-25 09:45:07','PRO','sub','23544438','서지흡수기','SJ300-PoE','서지흡수기, 성진테크윈, SJ300-PoE, 통신용, 20kA','','247,000','김미연(info)'),
(83,'2022-03-25 09:45:40','PRO','sub','23220326','서지흡수기','SJ400-PEG','서지흡수기, 성진테크윈, SJ400-PEG, 전원/통신용, 20kA','','308,000','김미연(info)'),
(84,'2022-03-25 09:46:08','PRO','sub','23827788','서지흡수기','SJ-LSC01','서지흡수기, (부품)성진테크윈, SJ-LSC01, 카운터','','257,000','김미연(info)'),
(85,'2022-03-25 09:46:40','PRO','sub','23003524','분전함','YKE-500','분전함, 용광전기, YKE-500, 스텐인리스','','965,000','김미연(info)'),
(86,'2022-03-25 09:47:13','PRO','sub','22217911','풀박스','S-1, ABS','풀박스, 청호이엔씨, S-1, ABS, 200×200×100mm, 결로방지','','186,000','김미연(info)'),
(87,'2022-03-25 09:47:51','PRO','sub','22523684','브래킷','Localpanel bracket','브래킷, 가우테크닉스, Localpanel bracket, 함체받침대','','257,000','김미연(info)'),
(88,'2022-03-25 09:48:28','PRO','sub','24156895','인터콤장비','ECS-05P','인터콤장비, 아이티지, ECS-05P, 방범용VOIP비상벨','','1,363,000','김미연(info)'),
(89,'2022-03-25 09:50:00','PRO','sub','23733851','인터콤장비','ECS-50S','인터콤장비, 아이티지, ECS-50S, 비상통화장치','','1,274,100','김미연(info)'),
(90,'2022-03-25 09:50:24','PRO','sub','24154840','인터콤장비','ECS-30L','인터콤장비, 아이티지, ECS-30L, 방범용VOIP비상벨','','1,290,000','김미연(info)'),
(91,'2022-03-25 09:50:50','PRO','sub','23733850','인터콤장비','ECS-30S','인터콤장비, 아이티지, ECS-30S, 비상통화장치','','1,207,200','김미연(info)'),
(92,'2022-03-25 09:51:22','PRO','sub','23719545','인터콤장비','IPMS-X01','인터콤장비, 아이티지, IPMS-X01, 비상통화장치','','16,210,600','김미연(info)'),
(93,'2022-03-25 09:51:48','PRO','sub','23452765','벨','IPEB-VRB01','벨, 아이티지, IPEB-VRB01, 비상벨','','933,000','김미연(info)'),
(94,'2022-03-25 09:52:13','PRO','sub','23378123','벨','IPEB-B01','벨, 아이티지, IPEB-B01, 비상벨','','455,000','김미연(info)'),
(95,'2022-03-25 09:52:37','PRO','sub','22520101','경광등','S125S','경광등, 큐라이트, S125S','','124,200','김미연(info)'),
(96,'2022-03-25 09:53:02','PRO','sub','22949238','경광등','S100S','경광등, 큐라이트, S100S, DC12/24','','100,600','김미연(info)'),
(97,'2022-03-25 09:53:24','PRO','sub','22931944','광분배함','FDF-MINI-XX-4P','광분배함, 솔텍, FDF-MINI-XX-4P','','56,000','김미연(info)'),
(98,'2022-03-25 09:53:50','PRO','sub','23334703','광분배함','FDF-MINI-xx-08P','광분배함, 솔텍, FDF-MINI-xx-08P','','152,000','김미연(info)'),
(99,'2022-03-25 09:54:18','PRO','sub','23034132','광분배함','FDF-RACK-XX-8P','광분배함, 솔텍, FDF-RACK-XX-8P, 482.6×311.2×43.6mm','','141,000','김미연(info)'),
(100,'2022-03-25 09:54:40','PRO','sub','22931943','광분배함','FDF-RACK-XX-24P','광분배함, 솔텍, FDF-RACK-XX-24P','','171,000','김미연(info)'),
(101,'2022-03-25 09:55:03','PRO','sub','22815244','광점퍼코드','SM-3M-SCLC-2C','광점퍼코드, 솔텍, SM-3M-SCLC-2C, 3m','','16,000','김미연(info)'),
(102,'2022-03-25 09:55:28','PRO','sub','23352328','네트워크스위치','CN/C3000-24T','네트워크스위치, 코어엣지네트웍스, CN/C3000-24T, 24port','','2,200,000','김미연(info)'),
(103,'2022-03-25 09:55:50','PRO','sub','23419966','네트워크스위치','CN/C3000-48T','네트워크스위치, 코어엣지네트웍스, CN/C3000-48T, 48port','','2,919,000','김미연(info)'),
(104,'2022-03-25 09:56:12','PRO','sub','23826068','네트워크스위치','C3100-24T','네트워크스위치, 코어엣지네트웍스, C3100-24T, 28port','','1,880,000','김미연(info)'),
(105,'2022-03-25 09:56:36','PRO','sub','23826071','네트워크스위치','C3100-48T','네트워크스위치, 코어엣지네트웍스, C3100-48T, 54port','','2,515,000','김미연(info)'),
(106,'2022-03-25 09:56:58','PRO','sub','23826069','네트워크스위치','C3100-24P','네트워크스위치, 코어엣지네트웍스, C3100-24P, 28port','','2,515,000','김미연(info)'),
(107,'2022-03-25 09:57:19','PRO','sub','23826072','네트워크스위치','C3100-48P','네트워크스위치, 코어엣지네트웍스, C3100-48P, 54port','','4,062,000','김미연(info)'),
(108,'2022-03-25 09:57:41','PRO','sub','23224767','네트워크스위치','NHM-2204','네트워크스위치, 엔에스티정보통신, NHM-2204, 4port','','838,000','김미연(info)'),
(109,'2022-03-25 09:58:07','PRO','sub','23144691','네트워크스위치','NHM-2208','네트워크스위치, 엔에스티정보통신, NHM-2208, 8Port','','903,000','김미연(info)'),
(110,'2022-03-25 09:58:30','PRO','sub','23582013','네트워크스위치','NHM-2208P','네트워크스위치, 엔에스티정보통신, NHM-2208P, 8port PoE','','1,250,000','김미연(info)'),
(111,'2022-03-25 09:58:56','PRO','sub','23582015','네트워크스위치','NHM-2408','네트워크스위치, 엔에스티정보통신, NHM-2408, 8port','','1,115,000','김미연(info)'),
(112,'2022-03-25 09:59:18','PRO','sub','23582014','네트워크스위치','NHM-2126','네트워크스위치, 엔에스티정보통신, NHM-2126, 24port','','1,327,000','김미연(info)'),
(113,'2022-03-25 09:59:40','PRO','sub','23520179','네트워크스위치','NHM-2129F','네트워크스위치, 엔에스티정보통신, NHM-2129F, 1port','','3,960,000','김미연(info)'),
(114,'2022-03-25 10:00:03','PRO','sub','23520180','네트워크스위치','NSH-2128','네트워크스위치, 엔에스티정보통신, NSH-2128, 24port','','846,000','김미연(info)'),
(115,'2022-03-25 10:00:36','PRO','sub','23520181','네트워크스위치','NSH-2127F','네트워크스위치, 엔에스티정보통신, NSH-2127F, 1port','','1,661,000','김미연(info)'),
(116,'2022-03-25 10:01:01','PRO','sub','23641018','네트워크스위치','NSH-2108LP','네트워크스위치, 엔에스티정보통신, NSH-2108LP, 8port PoE','','504,000','김미연(info)'),
(117,'2022-03-25 10:01:27','PRO','sub','23515613','네트워크스위치','NSH-2128P','네트워크스위치, 엔에스티정보통신, NSH-2128P, 24port','','1,229,000','김미연(info)'),
(118,'2022-03-25 10:01:49','PRO','sub','23585128','네트워크스위치','CN/NSFP-1LR','네트워크스위치, (부품)엔에스티정보통신, CN/NSFP-1LR, 모듈','','69,000','김미연(info)'),
(119,'2022-03-25 10:02:12','PRO','sub','23585129','네트워크스위치','CN/NSFP-2LR','네트워크스위치, (부품)엔에스티정보통신, CN/NSFP-2LR, 모듈','','118,000','김미연(info)'),
(120,'2022-03-25 10:02:34','PRO','sub','23585130','네트워크스위치','CN/NSFPP-LR','네트워크스위치, (부품)엔에스티정보통신, CN/NSFPP-LR, 모듈','','187,000','김미연(info)'),
(121,'2022-03-25 10:02:59','PRO','sub','24003038','네트워크스위치','NHM-2208PI','네트워크스위치, 엔에스티정보통신, NHM-2208PI, 8port','','1,327,000','김미연(info)'),
(122,'2022-03-25 10:03:25','PRO','sub','24003039','네트워크스위치','NHM-2408PI','네트워크스위치, 엔에스티정보통신, NHM-2408PI, 8port','','1,547,000','김미연(info)'),
(123,'2022-03-25 10:03:49','PRO','sub','24074254','네트워크스위치','NSH-2128CF','네트워크스위치, 엔에스티정보통신, NSH-2128CF, 28port','','1,480,000','김미연(info)'),
(124,'2022-03-25 10:04:11','PRO','sub','24074256','네트워크스위치','NSH-3128','네트워크스위치, 엔에스티정보통신, NSH-3128, 28port','','2,284,000','김미연(info)'),
(125,'2022-03-25 10:04:34','PRO','sub','24074255','네트워크스위치','NSH-3128F','네트워크스위치, 엔에스티정보통신, NSH-3128F, 28port','','4,066,000','김미연(info)'),
(126,'2022-03-25 10:04:58','PRO','sub','23481586','전원공급장치','TW/AD1240-48S','전원공급장치, Acro engineering, TW/AD1240-48S','','176,000','김미연(info)'),
(127,'2022-03-25 10:05:22','PRO','sub','22787207','전원공급장치','US/AD1048-24FS','전원공급장치, Micropower direct, US/AD1048-24FS, 광허브용','','72,100','김미연(info)'),
(128,'2022-03-25 10:05:45','PRO','sub','24140976','액정모니터','CN/22MN430M','액정모니터, 엘지전자, CN/22MN430M, 54.6cm','','303,000','김미연(info)'),
(129,'2022-03-25 10:06:11','PRO','sub','24118636','액정모니터','CN/24EN430H','액정모니터, 엘지전자, CN/24EN430H, 60.4cm','','312,000','김미연(info)'),
(130,'2022-03-25 10:06:33','PRO','sub','24087458','액정모니터','CN/27EN430H','액정모니터, 엘지전자, CN/27EN430H, 68.6cm','','399,000','김미연(info)'),
(131,'2022-03-25 10:06:57','PRO','sub','24145731','액정모니터','CN/32GN500','액정모니터, 엘지전자, CN/32GN500, 80.1cm','','875,000','김미연(info)'),
(132,'2022-03-25 10:07:36','PRO','sub','24149635','액정모니터','CN/38GN950','액정모니터, 엘지전자, CN/38GN950, 95.2cm','','4,845,000','김미연(info)'),
(133,'2022-03-25 10:08:03','PRO','sub','24174676','텔레비전거치대','EZ-MTC6040C','텔레비전거치대, 아이존아이앤디, EZ-MTC6040C, 700×720×1250~1750mm, 스탠드형','','524,000','김미연(info)'),
(134,'2022-03-25 10:08:26','PRO','sub','23911487','텔레비전거치대','CN/BLW-20M','텔레비전거치대, 보인, CN/BLW-20M, 265×270×25mm, 벽걸이형','','91,000','김미연(info)'),
(135,'2022-03-25 10:08:57','PRO','sub','23231541','전원공급장치','BK 200XG-12','전원공급장치, 파워뱅크, BK 200XG-12 KC, DC12V, 16.6A','','258,000','김미연(info)'),
(136,'2022-03-25 10:09:19','PRO','sub','22482421','전원공급장치','CPC-2008','전원공급장치, 이레씨즈, CPC-2008, 8ch','','232,800','김미연(info)'),
(137,'2022-03-25 10:09:42','PRO','sub','22764771','전원공급장치','NetGuard-GPRO','전원공급장치, 경인씨엔에스, NetGuard-GPRO, 방송장치전원공급용','','1,020,000','김미연(info)'),
(138,'2022-03-25 10:10:05','PRO','sub','22955869','전원공급장치','NetG-6G','전원공급장치, 경인씨엔에스, NetG-6G, 6채널','','963,000','김미연(info)'),
(139,'2022-03-25 10:12:01','PRO','sub','22705556','전원공급장치','KI-NG02','전원공급장치, 경인씨엔에스, KI-NG02, 방송장치전원공급용','','680,000','김미연(info)'),
(140,'2022-03-25 10:12:28','PRO','sub','22955868','전원공급장치','NetG-6D','전원공급장치, 경인씨엔에스, NetG-6D, 6채널','','1,261,000','김미연(info)'),
(141,'2022-03-25 10:13:03','PRO','sub','23198190','전원공급장치','NetG-4ch','전원공급장치, 경인씨엔에스, NetG-4ch, 4채널','','873,000','김미연(info)'),
(142,'2022-03-25 10:13:32','PRO','sub','23025176','랙캐비닛용패널','PNBP-1U','랙캐비닛용패널, 인터엠, PNBP-1U, 1U','','12,000','김미연(info)'),
(143,'2022-03-25 10:13:58','PRO','sub','23025177','랙캐비닛용패널','PNBP-2U','랙캐비닛용패널, 인터엠, PNBP-2U, 2U','','26,000','김미연(info)'),
(144,'2022-03-25 10:14:23','PRO','sub','23588480','네트워크시스템장비용랙','SGDR-750-1','네트워크시스템장비용랙, 에스지정보산업, SGDR-750-1, 600×2200×750mm','','1,074,000','김미연(info)'),
(145,'2022-03-25 10:14:46','PRO','sub','23588479','네트워크시스템장비용랙','SGDR-750-2','네트워크시스템장비용랙, 에스지정보산업, SGDR-750-2, 600×2000×750mm','','861,000','김미연(info)'),
(146,'2022-03-25 10:15:16','PRO','sub','23588478','네트워크시스템장비용랙','SGDR-750-3','네트워크시스템장비용랙, 에스지정보산업, SGDR-750-3, 600×1800×750mm','','858,000','김미연(info)'),
(147,'2022-03-25 10:15:42','PRO','sub','23588477','네트워크시스템장비용랙','SGDR-750-4','네트워크시스템장비용랙, 에스지정보산업, SGDR-750-4, 600×1600×750mm','','606,000','김미연(info)'),
(148,'2022-03-25 10:16:05','PRO','sub','23588476','네트워크시스템장비용랙','SGDR-750-6','네트워크시스템장비용랙, 에스지정보산업, SGDR-750-6, 600×1200×750mm','','735,000','김미연(info)'),
(149,'2022-03-25 10:16:31','PRO','sub','23698888','네트워크시스템장비용랙','SGDR-750-7','네트워크시스템장비용랙, 에스지정보산업, SGDR-750-7, 600×1000×750mm','','706,000','김미연(info)'),
(150,'2022-03-25 10:16:58','PRO','sub','24192153','네트워크시스템장비용랙','SGSV-900(1)','네트워크시스템장비용랙, 에스지정보산업, SGSV-900(1), 600×2200×1090mm','','1,903,000','김미연(info)'),
(151,'2022-03-25 10:17:27','PRO','sub','24192152','네트워크시스템장비용랙','SGSV-900(2)','네트워크시스템장비용랙, 에스지정보산업, SGSV-900(2), 600×2000×1090mm','','1,846,000','김미연(info)'),
(152,'2022-03-25 10:18:07','PRO','sub','24192151','네트워크시스템장비용랙','SGSV-900(3)','네트워크시스템장비용랙, 에스지정보산업, SGSV-900(3), 600×1800×1090mm','','1,788,000','김미연(info)'),
(153,'2022-03-25 10:18:31','PRO','sub','23981492','네트워크시스템장비용랙','SGMH-750','네트워크시스템장비용랙, 에스지정보산업, SGMH-750, 600×750×600mm','','392,000','김미연(info)'),
(154,'2022-03-25 10:18:55','PRO','sub','24192155','네트워크시스템장비용랙','SGMH-500(2)','네트워크시스템장비용랙, 에스지정보산업, SGMH-500(2), 550×500×550mm','','287,000','김미연(info)'),
(155,'2022-03-25 10:19:58','PRO','sub','24138344','기억유닛','삼성전자, DDR4, 32GB','기억유닛, 삼성전자, DDR4, 32GB, PC4-25600 이상','','605,000','김미연(info)'),
(156,'2022-03-25 10:20:30','PRO','sub','24317941','기억유닛','SK하이닉스, DDR4, 32GB','기억유닛, SK하이닉스, DDR4, 32GB, PC4-25600이상','','605,000','김미연(info)'),
(157,'2022-03-25 10:21:52','PRO','sub','22915712','기억유닛','삼성전자, 16GB RDIMM, DDR4 SDRAM','기억유닛, 삼성전자, 16GB RDIMM, DDR4 SDRAM','','375,000','김미연(info)'),
(158,'2022-03-25 10:22:16','PRO','sub','24317940','기억유닛','SK하이닉스, DDR4, 16GB','기억유닛, SK하이닉스, DDR4, 16GB, PC4-25600이상','','317,000','김미연(info)'),
(159,'2022-03-25 10:22:41','PRO','sub','24034446','기억유닛','삼성전자, DDR4, 8GB','기억유닛, 삼성전자, DDR4, 8GB, PC4-25600이상','','230,000','김미연(info)'),
(160,'2022-03-25 10:23:07','PRO','sub','24317939','기억유닛','SK하이닉스, DDR4, 8GB','기억유닛, SK하이닉스, DDR4, 8GB, PC4-25600이상','','230,000','김미연(info)'),
(161,'2022-03-25 10:23:29','PRO','sub','22550160','콘솔익스텐더','TW/CL-5708N','콘솔익스텐더, Aten, TW/CL-5708N','','3,666,000','김미연(info)'),
(162,'2022-03-25 10:23:59','PRO','sub','22057493','콘솔익스텐더','CS1308','콘솔익스텐더, Aten, CS1308, KVM Switch','','664,000','김미연(info)'),
(163,'2022-03-25 10:24:23','PRO','sub','23177176','콘솔익스텐더','TW/CS1316','콘솔익스텐더, Aten, TW/CS1316, 16port KVM Switch','','1,835,000','김미연(info)'),
(164,'2022-03-25 10:24:51','PRO','sub','24443760','액정모니터','CN/LS43AM702UKXKR','액정모니터, 삼성전자, CN/LS43AM702UKXKR, 107.9cm','','2,360,000','김미연(info)'),
(165,'2022-03-25 10:25:26','PRO','sub','24214723','액정모니터','ID/43SP520M','액정모니터, 엘지전자, ID/43SP520M, 107.95cm','','1,835,000','김미연(info)'),
(166,'2022-03-25 10:26:04','PRO','sub','24236141','카메라브래킷','VIXAI-BBWJ01','카메라브래킷, 인텔리빅스, VIXAI-BBWJ01, 벽부형','','807,000','김미연(info)'),
(167,'2022-03-25 10:26:51','PRO','sub','24235046','카메라브래킷','VIXAI-BSWJ01','카메라브래킷, 인텔리빅스, VIXAI-BSWJ01, 벽부형','','524,000','김미연(info)'),
(168,'2022-03-25 10:27:16','PRO','sub','24236142','카메라브래킷','VIXAI-BBWJ02','카메라브래킷, 인텔리빅스, VIXAI-BBWJ02, 벽부형','','143,000','김미연(info)'),
(169,'2022-03-25 10:27:42','PRO','sub','24236143','카메라브래킷','VIXAI-BSPJ03','카메라브래킷, 인텔리빅스, VIXAI-BSPJ03, 벽부형','','230,000','김미연(info)'),
(170,'2022-03-25 10:28:07','PRO','sub','24236144','카메라브래킷','VIXAI-BSCJ02','카메라브래킷, 인텔리빅스, VIXAI-BSCJ02, 천장형','','143,000','김미연(info)'),
(171,'2022-03-25 10:28:32','PRO','sub','24236139','카메라브래킷','VIXAI-BSNJ01','카메라브래킷, 인텔리빅스, VIXAI-BSNJ01, 기둥형','','182,000','김미연(info)'),
(172,'2022-03-25 10:28:58','PRO','sub','24236146','카메라브래킷','VIXAI-BDCJ01','카메라브래킷, 인텔리빅스, VIXAI-BDCJ01, 천장형','','130,000','김미연(info)'),
(173,'2022-03-25 10:29:21','PRO','sub','24236151','카메라브래킷','VIXAI-BDWJ01','카메라브래킷, 인텔리빅스, VIXAI-BDWJ01, 벽부형','','86,000','김미연(info)'),
(174,'2022-03-25 10:29:42','PRO','sub','24236152','카메라브래킷','VIXAI-BSPJ05','카메라브래킷, 인텔리빅스, VIXAI-BSPJ05, 기둥형','','172,000','김미연(info)'),
(175,'2022-03-25 10:31:00','PRO','sub','22178606','카메라컨트롤러','SPC-2000','카메라컨트롤러, 삼성테크윈, SPC-2000, 시스템컨트롤러','','1,651,000','김미연(info)'),
(176,'2022-03-25 10:31:27','PRO','sub','24301991','베어본컴퓨터','VIXAI-SC71C0GJG','베어본컴퓨터, 인텔리빅스, VIXAI-SC71C0GJG, Intel Core i7 9700(3GHz)','','4,838,000','김미연(info)'),
(177,'2022-03-25 10:31:54','PRO','sub','24301990','베어본컴퓨터','VIXAI-SC91C0GJG','베어본컴퓨터, 인텔리빅스, VIXAI-SC91C0GJG, Intel Core i9 10900(2.8GHz)','','5,442,000','김미연(info)'),
(178,'2022-03-25 10:32:18','PRO','sub','24260384','컴퓨터서버','VIXAI-S2S1C0GJG','컴퓨터서버, 인텔리빅스, VIXAI-S2S1C0GJG, Intel Xeon Silver 4214R(2.4GHz)','','9,819,000','김미연(info)'),
(179,'2022-03-25 10:32:42','PRO','sub','24260383','컴퓨터서버','VIXAI-S2G1C0GJG','컴퓨터서버, 인텔리빅스, VIXAI-S2G1C0GJG, Intel Xeon Gold 6226(2.9GHz)','','11,563,000','김미연(info)'),
(180,'2022-03-25 10:33:05','PRO','sub','24260389','컴퓨터서버','VIXAI-S2S2C0GJG','컴퓨터서버, 인텔리빅스, VIXAI-S2S2C0GJG, Intel Xeon Silver 4214R(2.4GHz)×2, 24core','','17,045,000','김미연(info)'),
(181,'2022-03-25 10:33:28','PRO','sub','24260386','컴퓨터서버','VIXAI-S2G2C0GJG','컴퓨터서버, 인텔리빅스, VIXAI-S2G2C0GJG, Intel Xeon Gold 6226R(2.9GHz)×2, 32core','','20,532,000','김미연(info)'),
(182,'2022-03-25 10:33:51','PRO','sub','24260379','컴퓨터서버','VIXAI-S4S2C0GJG','컴퓨터서버, 인텔리빅스, VIXAI-S4S2C0GJG, Intel Xeon Silver 4214R(2.4GHz)×2, 24core','','17,956,000','김미연(info)'),
(183,'2022-03-25 10:34:14','PRO','sub','24260376','컴퓨터서버','VIXAI-S4G2C0GJG','컴퓨터서버, 인텔리빅스, VIXAI-S4G2C0GJG, Intel Xeon Gold 6226R(2.9GHz)×2, 32core','','21,443,000','김미연(info)'),
(184,'2022-03-25 10:34:36','PRO','sub','24260372','컴퓨터서버','VIXAI-S2S2C0GJK','컴퓨터서버, 인텔리빅스, VIXAI-S2S2C0GJK, Intel Xeon Silver 4214R(2.4GHz)×2, 24core','','17,640,000','김미연(info)'),
(185,'2022-03-25 10:35:06','PRO','sub','24260373','컴퓨터서버','VIXAI-S2G2C0GJK','컴퓨터서버, 인텔리빅스, VIXAI-S2G2C0GJK, Intel Xeon Gold 6226R(2.9GHz)×2, 32core','','20,279,000','김미연(info)'),
(186,'2022-03-25 10:35:28','PRO','sub','24242602','컴퓨터서버','VIXAI-SC71C0GJK','컴퓨터서버, 인텔리빅스, VIXAI-SC71C0GJK, Intel Core i7 10700(2.9GHz)','','4,529,000','김미연(info)'),
(187,'2022-03-25 10:35:52','PRO','sub','24242603','컴퓨터서버','VIXAI-SC91C0GJK','컴퓨터서버, 인텔리빅스, VIXAI-SC91C0GJK, Intel Core i9 10900(2.8GHz)','','5,133,000','김미연(info)'),
(188,'2022-03-25 10:36:15','PRO','sub','24113062','레이드컨트롤러','JP/PRAID EP420i','레이드컨트롤러, Fujitsu, JP/PRAID EP420i','','2,360,000','김미연(info)'),
(189,'2022-03-25 10:36:41','PRO','sub','24177753','그래픽용어댑터','CN/NVIDIA RTX A6000','그래픽용어댑터, Nvidia, CN/NVIDIA RTX A6000, 48GB','','17,311,000','김미연(info)'),
(190,'2022-03-25 10:37:05','PRO','sub','24349953','그래픽용어댑터','CN/NVIDIA RTX A5000','그래픽용어댑터, Nvidia, CN/NVIDIA RTX A5000, 24GB','','8,655,000','김미연(info)'),
(191,'2022-03-25 10:37:28','PRO','sub','24349954','그래픽용어댑터','CN/NVIDIA RTX A4000','그래픽용어댑터, Nvidia, CN/NVIDIA RTX A4000, 16GB','','4,038,000','김미연(info)'),
(192,'2022-03-25 10:38:02','PRO','sub','24298011','그래픽용어댑터','RTX 3090 D6X','그래픽용어댑터, RTX 3090 D6X, 24GB','','10,963,000','김미연(info)'),
(193,'2022-03-25 10:38:27','PRO','sub','24026675','그래픽용어댑터','RTX 3080 D6X','그래픽용어댑터, RTX 3080 D6X, 10GB','','6,347,000','김미연(info)'),
(194,'2022-03-25 10:39:04','PRO','sub','24090605','그래픽용어댑터','RTX 3070 D6','그래픽용어댑터, RTX 3070 D6, 8GB','','3,750,000','김미연(info)'),
(195,'2022-03-25 10:39:27','PRO','sub','24160911','그래픽용어댑터','RTX 3060 D6','그래픽용어댑터, RTX 3060 D6, 12GB','','2,740,000','김미연(info)'),
(196,'2022-03-25 10:39:51','PRO','sub','24244119','디스크어레이','VIXAI-D12BHJA1','디스크어레이, 인텔리빅스, VIXAI-D12BHJA1, 16GB(캐시)','','22,234,000','김미연(info)'),
(197,'2022-03-25 10:40:13','PRO','sub','24244120','디스크어레이','VIXAI-D12BTJA1','디스크어레이, (부품)인텔리빅스, VIXAI-D12BTJA1','','19,154,000','김미연(info)'),
(198,'2022-03-25 10:40:40','PRO','sub','23666039','디스크어레이','TW/EN-2806, 64GB(캐시)','디스크어레이, Unifosa, TW/EN-2806, 64GB(캐시)','','16,841,000','김미연(info)'),
(199,'2022-03-25 10:41:32','PRO','sub','24198677','보안용카메라','VIXAI-CB203JD1','보안용카메라, 인텔리빅스, VIXAI-CB203JD1, 12.7mmCMOS','','1,893,000','김미연(info)'),
(200,'2022-03-25 10:41:57','PRO','sub','24201519','보안용카메라','VIXAI-CB204JD1','보안용카메라, 인텔리빅스, VIXAI-CB204JD1, 9.07mmCMOS','','1,053,000','김미연(info)'),
(201,'2022-03-25 10:42:24','PRO','sub','24201521','보안용카메라','VIXAI-CB210JD1','보안용카메라, 인텔리빅스, VIXAI-CB210JD1, 9.07mmCMOS','','1,782,000','김미연(info)'),
(202,'2022-03-25 10:42:49','PRO','sub','24201522','보안용카메라','VIXAI-CB304JD1','보안용카메라, 인텔리빅스, VIXAI-CB304JD1, 9.07mmCMOS','','1,392,000','김미연(info)'),
(203,'2022-03-25 10:43:12','PRO','sub','24198678','보안용카메라','VIXAI-CB503JD1','보안용카메라, 인텔리빅스, VIXAI-CB503JD1, 14.11mmCMOS','','2,033,000','김미연(info)'),
(204,'2022-03-25 10:43:39','PRO','sub','24201517','보안용카메라','VIXAI-CB1203JD1','보안용카메라, 인텔리빅스, VIXAI-CB1203JD1, 14.94mmCMOS','','2,473,000','김미연(info)'),
(205,'2022-03-25 10:44:07','PRO','sub','24198674','보안용카메라','VIXAI-CB203JD3','보안용카메라, 인텔리빅스, VIXAI-CB203JD3, 14.11mmCMOS','','4,134,000','김미연(info)'),
(206,'2022-03-25 10:44:32','PRO','sub','24201523','보안용카메라','VIXAI-CB310JD1','보안용카메라, 인텔리빅스, VIXAI-CB310JD1, 9.07mmCMOS','','1,858,000','김미연(info)'),
(207,'2022-03-25 10:44:56','PRO','sub','24208446','보안용카메라','VIXAI-CB203JD2','보안용카메라, 인텔리빅스, VIXAI-CB203JD2, 13.37mmCMOS','','1,833,000','김미연(info)'),
(208,'2022-03-25 10:45:21','PRO','sub','24198675','보안용카메라','VIXAI-CB4K03JD1','보안용카메라, 인텔리빅스, VIXAI-CB4K03JD1, 10.16mmCMOS','','2,252,000','김미연(info)'),
(209,'2022-03-25 10:45:46','PRO','sub','24201529','보안용카메라','VIXAI-CD203JD1','보안용카메라, 인텔리빅스, VIXAI-CD203JD1, 12.7mmCMOS','','1,683,000','김미연(info)'),
(210,'2022-03-25 10:46:11','PRO','sub','24201527','보안용카메라','VIXAI-CD204JD1','보안용카메라, 인텔리빅스, VIXAI-CD204JD1, 9.07mmCMOS','','816,000','김미연(info)'),
(211,'2022-03-25 10:46:36','PRO','sub','24201524','보안용카메라','VIXAI-CD503JD1','보안용카메라, 인텔리빅스, VIXAI-CD503JD1, 14.11mmCMOS','','1,727,000','김미연(info)'),
(212,'2022-03-25 10:47:02','PRO','sub','24201528','보안용카메라','VIXAI-CD203JD2','보안용카메라, 인텔리빅스, VIXAI-CD203JD2, 13.37mmCMOS','','1,631,000','김미연(info)'),
(213,'2022-03-25 10:47:21','PRO','sub','24201525','보안용카메라','VIXAI-CD4K03JD1','보안용카메라, 인텔리빅스, VIXAI-CD4K03JD1, 9.07mmCMOS','','1,824,000','김미연(info)'),
(214,'2022-03-25 10:47:49','PRO','sub','24201526','보안용카메라','VIXAI-CD1203JD1','보안용카메라, 인텔리빅스, VIXAI-CD1203JD1, 14.94mmCMOS','','2,081,000','김미연(info)'),
(215,'2022-03-25 10:48:11','PRO','sub','24219818','보안용카메라','VIXAI-CB203JF1','보안용카메라, 인텔리빅스, VIXAI-CB203JF1, 13.37mmCMOS','','1,273,000','김미연(info)'),
(216,'2022-03-25 10:48:33','PRO','sub','24219819','보안용카메라','VIXAI-CB210JF1','보안용카메라, 인텔리빅스, VIXAI-CB210JF1, 9.07mmCMOS','','1,383,000','김미연(info)'),
(217,'2022-03-25 10:48:54','PRO','sub','24219820','보안용카메라','VIXAI-CB404JF1','보안용카메라, 인텔리빅스, VIXAI-CB404JF1, 9.07mmCMOS','','1,340,000','김미연(info)'),
(218,'2022-03-25 10:49:17','PRO','sub','24256051','보안용카메라','VIXAI-CO203JF1','보안용카메라, 인텔리빅스, VIXAI-CO203JF1, 13.37mmCMOS','','1,771,000','김미연(info)'),
(219,'2022-03-25 10:49:44','PRO','sub','24256050','보안용카메라','VIXAI-CO210JF1','보안용카메라, 인텔리빅스, VIXAI-CO210JF1, 9.07mmCMOS','','1,773,000','김미연(info)'),
(220,'2022-03-25 10:50:05','PRO','sub','24300252','보안용카메라','VIXAI-CD203JF1','보안용카메라, 인텔리빅스, VIXAI-CD203JF1, 13.37mmCMOS','','1,183,000','김미연(info)'),
(221,'2022-03-25 10:50:26','PRO','sub','24302898','보안용카메라','VIXAI-CD403JF1','보안용카메라, 인텔리빅스, VIXAI-CD403JF1, 14.11mmCMOS','','1,291,000','김미연(info)'),
(222,'2022-03-25 10:50:47','PRO','sub','24223034','보안용카메라','VIXAI-CS230JF1','보안용카메라, 인텔리빅스, VIXAI-CS230JF1, 9.07mmCMOS','','3,438,000','김미연(info)'),
(223,'2022-03-25 10:51:06','PRO','sub','24223035','보안용카메라','VIXAI-CS230JF2','보안용카메라, 인텔리빅스, VIXAI-CS230JF2, 13.37mmCMOS','','3,686,000','김미연(info)'),
(224,'2022-03-25 10:51:26','PRO','sub','24223036','보안용카메라','VIXAI-CS236JF1','보안용카메라, 인텔리빅스, VIXAI-CS236JF1, 13.37mmCMOS','','3,990,000','김미연(info)'),
(225,'2022-03-25 10:51:48','PRO','sub','24223038','보안용카메라','VIXAI-CS436JF1','보안용카메라, 인텔리빅스, VIXAI-CS436JF1, 14.11mmCMOS','','4,368,000','김미연(info)'),
(226,'2022-03-25 10:52:12','PRO','sub','24223037','보안용카메라','VIXAI-CS236JF2','보안용카메라, 인텔리빅스, VIXAI-CS236JF2, 13.37mmCMOS','','4,178,000','김미연(info)'),
(227,'2022-03-25 10:52:35','PRO','sub','24194252','보안용카메라','VIXAI-CB204JA1','보안용카메라, 인텔리빅스, VIXAI-CB204JA1, 12.7mmCMOS','','1,720,000','김미연(info)'),
(228,'2022-03-25 10:52:57','PRO','sub','24194254','보안용카메라','VIXAI-CB204JA2','보안용카메라, 인텔리빅스, VIXAI-CB204JA2, 9.07mmCMOS','','1,452,000','김미연(info)'),
(229,'2022-03-25 10:53:25','PRO','sub','24194253','보안용카메라','VIXAI-CD204JA1','보안용카메라, 인텔리빅스, VIXAI-CD204JA1, 9.07mmCMOS','','1,453,000','김미연(info)'),
(230,'2022-03-25 10:53:44','PRO','sub','24191419','보안용카메라','VIXAI-CS237JA1','보안용카메라, 인텔리빅스, VIXAI-CS237JA1, 12.7mmCMOS','','4,179,000','김미연(info)'),
(231,'2022-03-25 10:54:09','PRO','sub','24205395','보안용카메라','VIXAI-CB204JE1','보안용카메라, 인텔리빅스, VIXAI-CB204JE1, 12.7mmCMOS','','1,450,000','김미연(info)'),
(232,'2022-03-25 10:54:30','PRO','sub','24205394','보안용카메라','VIXAI-CB218JE1','보안용카메라, 인텔리빅스, VIXAI-CB218JE1, 12.7mmCMOS','','2,155,000','김미연(info)'),
(233,'2022-03-25 10:54:51','PRO','sub','24208448','보안용카메라','VIXAI-CB4K04JE1','보안용카메라, 인텔리빅스, VIXAI-CB4K04JE1, 14.11mmCMOS','','2,279,000','김미연(info)'),
(234,'2022-03-25 10:55:14','PRO','sub','24208447','보안용카메라','VIXAI-CB4K18JE1','보안용카메라, 인텔리빅스, VIXAI-CB4K18JE1, 14.11mmCMOS','','3,105,000','김미연(info)'),
(235,'2022-03-25 10:55:36','PRO','sub','24208451','보안용카메라','VIXAI-CB504JE1','보안용카메라, 인텔리빅스, VIXAI-CB504JE1, 14.11mmCMOS','','1,865,000','김미연(info)'),
(236,'2022-03-25 10:56:08','PRO','sub','24208450','보안용카메라','VIXAI-CB518JE1','보안용카메라, 인텔리빅스, VIXAI-CB518JE1, 14.11mmCMOS','','2,695,000','김미연(info)'),
(237,'2022-03-25 10:56:34','PRO','sub','24205397','보안용카메라','VIXAI-CD203JE1','보안용카메라, 인텔리빅스, VIXAI-CD203JE1, 14.11mmCMOS','','1,450,000','김미연(info)'),
(238,'2022-03-25 10:57:03','PRO','sub','24205396','보안용카메라','VIXAI-CD204JE1','보안용카메라, 인텔리빅스, VIXAI-CD204JE1, 9.07mmCMOS','','1,290,000','김미연(info)'),
(239,'2022-03-25 10:57:28','PRO','sub','24208449','보안용카메라','VIXAI-CD503JE1','보안용카메라, 인텔리빅스, VIXAI-CD503JE1, 13.37mmCMOS','','1,691,000','김미연(info)'),
(240,'2022-03-25 10:57:52','PRO','sub','24297029','보안용카메라','VIXAI-CS230JE1','보안용카메라, 인텔리빅스, VIXAI-CS230JE1, 12.7mmCMOS','','4,150,000','김미연(info)'),
(241,'2022-03-25 10:58:14','PRO','sub','24297030','보안용카메라','VIXAI-CS236JE1','보안용카메라, 인텔리빅스, VIXAI-CS236JE1, 12.7mmCMOS','','4,350,000','김미연(info)'),
(242,'2022-03-25 10:58:41','PRO','sub','24297031','카메라회전대','SNP-5020','카메라회전대, 에스피지, SNP-5020, 팬틸트','','7,934,000','김미연(info)'),
(243,'2022-03-25 10:59:00','PRO','sub','24297033','카메라회전대','SNP-5130','카메라회전대, 에스피지, SNP-5130, 팬틸트','','9,953,000','김미연(info)'),
(244,'2022-03-25 10:59:22','PRO','sub','24297035','카메라회전대','SNP-70210L','카메라회전대, 에스피지, SNP-70210L, 팬틸트','','12,550,000','김미연(info)'),
(245,'2022-03-25 10:59:45','PRO','sub','24297034','카메라회전대','SNP-70310L','카메라회전대, 에스피지, SNP-70310L, 팬틸트','','13,560,000','김미연(info)'),
(246,'2022-03-25 11:00:08','PRO','sub','24298228','카메라회전대','SNS-30200N','카메라회전대, 에스피지, SNS-30200N','','5,913,000','김미연(info)'),
(247,'2022-03-25 11:00:27','PRO','sub','24298229','카메라회전대','SNS-30202R','카메라회전대, 에스피지, SNS-30202R','','7,068,000','김미연(info)'),
(248,'2022-03-25 11:00:48','PRO','sub','24298230','카메라회전대','SNS-30208L','카메라회전대, 에스피지, SNS-30208L','','7,645,000','김미연(info)'),
(249,'2022-03-25 11:01:10','PRO','sub','24297032','카메라회전대','SNP-60307T','카메라회전대, 에스피지, SNP-60307T, 팬틸트','','12,695,000','김미연(info)'),
(250,'2022-03-25 11:01:32','PRO','sub','24297036','카메라회전대','SNP-80315CL','카메라회전대, 에스피지, SNP-80315CL, 팬틸트','','18,176,000','김미연(info)'),
(251,'2022-03-25 11:02:11','PRO','sub','24226391','카메라회전대','SNT-1300','카메라회전대, 에스피지, SNT-1300, 팬틸트','','893,000','김미연(info)'),
(252,'2022-03-25 11:02:31','PRO','sub','23580032','카메라회전대','SNT-1300P','카메라회전대, 에스피지, SNT-1300P, 팬틸트','','980,000','김미연(info)'),
(253,'2022-03-28 16:44:32','MAS','main','24339500','','VIXAI-MAS-C001','Dome Camera:2M화소/13.37mmCMOS/최저조도0lux, PoE Injector:1CH','Dome Camera, PoE Injector','995,500','김미연(info)'),
(254,'2022-03-28 16:47:52','MAS','main','24339501','','VIXAI-MAS-C002','Bullet Camera:2M화소/13.37mmCMOS/최저조도0lux, PoE Injector:1CH','Bullet Camera, PoE Injector','1,023,000','김미연(info)'),
(255,'2022-03-28 16:48:48','MAS','main','24339503','','VIXAI-MAS-C004','Speed Dome Camera:2M화소/12.7mmCMOS/최저조도0lux, PoE Injector:1CH','Speed Dome Camera, PoE Injector','3,278,000','김미연(info)'),
(256,'2022-03-28 16:49:54','MAS','main','24339502','','VIXAI-MAS-C003','Speed Dome Camera:2M화소/13.37mmCMOS/최저저도0lux, PoE Injector:1CH','Speed Dome Camera, PoE Injector','3,333,000','김미연(info)'),
(257,'2022-03-28 16:51:30','MAS','main','24348522','','VIXAI-MAS-S001','디지털비디오레코더(16CH):16CH/8Bay, Monitor:55.9cm','디지털비디오레코더(16CH), Monitor','6,737,500','김미연(info)'),
(258,'2022-03-28 16:52:39','MAS','main','24348523','','VIXAI-MAS-S002','디지털비디오레코더(32CH):32CH/8Bay, Monitor:55.9cm','디지털비디오레코더(32CH), Monitor','7,287,500','김미연(info)'),
(259,'2022-03-28 16:53:28','MAS','sub','22066122','','','카메라브래킷, 스피드돔 천정형(알루미늄 다이케스팅)','','135,920','김미연(info)'),
(260,'2022-03-28 16:53:47','MAS','sub','22066123','','','카메라브래킷, 펜틸트벽부형(steel)','','141,310','김미연(info)'),
(261,'2022-03-28 16:54:13','MAS','sub','22065234','','','브래킷, 스피커용','','35,770','김미연(info)'),
(262,'2022-03-28 16:54:33','MAS','sub','22067177','','','브래킷, 라이트용','','61,440','김미연(info)'),
(263,'2022-03-28 16:54:51','MAS','sub','22060847','','','네트워크시스템장비용랙, 600×1200×750mm','','717,550','김미연(info)'),
(264,'2022-03-28 16:55:11','MAS','sub','22065235','','','네트워크시스템장비용랙, 600×1800×750mm','','789,290','김미연(info)'),
(265,'2022-03-28 16:55:32','MAS','sub','22060848','','','네트워크시스템장비용랙, 600×2000×750mm','','891,700','김미연(info)'),
(266,'2022-03-28 17:03:15','MAS','sub','22067178','','','접지봉, 14mm×1m, 리드단자부','','36,350','김미연(info)'),
(267,'2022-03-28 17:03:35','MAS','sub','10034851','','','접지판, 300×300×1.5mm','','73,500','김미연(info)'),
(268,'2022-03-28 17:04:19','MAS','sub','22065473','','','안내판, CCTV설치안내(대)','','215,890','김미연(info)'),
(269,'2022-03-28 17:04:42','MAS','sub','22065474','','','안내판, CCTV설치안내(중)','','158,460','김미연(info)'),
(270,'2022-03-28 17:05:03','MAS','sub','22067181','','','서지흡수기, 영상용','','164,730','김미연(info)'),
(271,'2022-03-28 17:05:20','MAS','sub','22067182','','','서지흡수기, 전원용','','274,300','김미연(info)'),
(272,'2022-03-28 17:05:44','MAS','sub','22067183','','','서지흡수기, 신호용','','243,620','김미연(info)'),
(273,'2022-03-28 17:06:23','MAS','sub','22067184','','','서지흡수기, 영상+전원+신호','','530,370','김미연(info)'),
(274,'2022-03-28 17:06:40','MAS','sub','22065237','','','광분배함, 4C','','72,520','김미연(info)'),
(275,'2022-03-28 17:06:58','MAS','sub','22067185','','','광점퍼코드, SM-3 ST','','8,720','김미연(info)'),
(276,'2022-03-28 17:07:17','MAS','sub','22067186','','','경광등, 220V','','173,550','김미연(info)'),
(277,'2022-03-28 17:07:33','MAS','sub','22066767','','','벨, 통화기능','','306,640','김미연(info)'),
(278,'2022-03-28 17:07:47','MAS','sub','22067189','','','난연전력케이블, F-CV 3C×1.5㎟','','4,310','김미연(info)'),
(279,'2022-03-28 17:08:08','MAS','sub','22067190','','','난연전력케이블, F-CV 3C×2.5㎟','','4,600','김미연(info)'),
(280,'2022-03-28 17:08:23','MAS','sub','22067191','','','난연전력케이블, F-CV 3C×6㎟','','5,580','김미연(info)'),
(281,'2022-03-28 17:08:38','MAS','sub','22067192','','','제어케이블, F-CVV 2C×1.5㎟','','2,640','김미연(info)'),
(282,'2022-03-28 17:08:53','MAS','sub','22067176','','','450/750V 유연성단심비닐절연전선, VCTF 3C×1.5㎟','','2,150','김미연(info)'),
(283,'2022-03-28 17:09:08','MAS','sub','20683697','','','난연접지용비닐절연전선, F-GV, 6㎟','','2,050','김미연(info)'),
(284,'2022-03-28 17:09:25','MAS','sub','20683699','','','난연접지용비닐절연전선, F-GV, 16㎟','','3,430','김미연(info)'),
(285,'2022-03-28 17:09:38','MAS','sub','10040386','','','고주파동축케이블, ECX cable, 5C-2V','','3,130','김미연(info)'),
(286,'2022-03-28 17:09:56','MAS','sub','10040387','','','고주파동축케이블, ECX cable, 7C-2V','','4,110','김미연(info)'),
(287,'2022-03-28 17:10:11','MAS','sub','22067194','','','UTP케이블, CAT.5E/CM 4P','','2,740','김미연(info)'),
(288,'2022-03-28 17:10:24','MAS','sub','22067195','','','UTP케이블, CAT.5E/CM 25P','','6,460','김미연(info)'),
(289,'2022-03-28 17:10:36','MAS','sub','22067196','','','LAP외피광케이블, SM 4C','','5,580','김미연(info)'),
(290,'2022-03-28 17:10:51','MAS','sub','22067197','','','LAP외피광케이블, SM 8C','','7,350','김미연(info)'),
(291,'2022-03-28 17:11:03','MAS','sub','22066417','','','정보통신공사, 광케이블보통12코어이하접속[설치비]','','27,930','김미연(info)'),
(292,'2022-03-28 17:11:16','MAS','sub','22066418','','','정보통신공사, 광케이블시험시험및측정[설치비]','','54,290','김미연(info)'),
(293,'2022-03-28 17:11:29','MAS','sub','22067200','','','폴리에틸렌전선관, Φ30mm','','3,720','김미연(info)'),
(294,'2022-03-28 17:11:44','MAS','sub','22067201','','','폴리에틸렌전선관, Φ50mm','','3,920','김미연(info)'),
(295,'2022-03-28 17:11:55','MAS','sub','20174480','','','1종금속제가요전선관, 고장력후렉시블전선관, 28mm, 비방수','','8,130','김미연(info)'),
(296,'2022-03-28 17:12:10','MAS','sub','20174481','','','1종금속제가요전선관, 고장력후렉시블전선관, 36mm, 비방수','','10,970','김미연(info)'),
(297,'2022-03-28 17:12:23','MAS','sub','22067204','','','풀박스, 200×200×200mm','','66,730','김미연(info)'),
(298,'2022-03-28 17:12:38','MAS','sub','22067205','','','풀박스, 400×400×400mm','','79,180','김미연(info)'),
(299,'2022-03-28 17:12:52','MAS','sub','22066408','','','토공사, 인력터파기보통토사(0~1m)[설치비]','','12,150','김미연(info)'),
(300,'2022-03-28 17:13:05','MAS','sub','22066409','','','토공사, 되메우기보통토사(0~1m)[설치비]','','5,970','김미연(info)'),
(301,'2022-03-28 17:13:20','MAS','sub','22066410','','','토공사, 잔토처리깊이(0~1m)[설치비]','','12,150','김미연(info)'),
(302,'2022-03-28 17:14:17','MAS','sub','22066415','','','철근콘크리트공사, 합판거푸집(깊이4회)[설치비]','','16,750','김미연(info)'),
(303,'2022-03-28 17:14:34','MAS','sub','22066416','','','철근콘크리트공사, 콘크리트타설(인력비빔/B배합/철근구조)[설치비]','','238,230','김미연(info)'),
(304,'2022-03-28 17:14:50','MAS','sub','22066413','','','포장공사, 아스팔트커팅(일반/인력및소규모장비)[설치비]','','81,530','김미연(info)'),
(305,'2022-03-28 17:15:02','MAS','sub','22066414','','','포장공사, 아스팔트포장(일반/인력및소규모장비)[설치비]','','3,330','김미연(info)'),
(306,'2022-03-28 17:15:16','MAS','sub','22066411','','','토공사, 기계터파기(기계8+인력2)[설치비]','','3,520','김미연(info)'),
(307,'2022-03-28 17:15:35','MAS','sub','22066412','','','토공사, 기계되메우기(기계8+인력2/흙다지기)[설치비]','','5,580','김미연(info)'),
(308,'2022-03-28 17:15:48','MAS','sub','22066419','','','정보통신공사, 선로시험[설치비]','','34,490','김미연(info)'),
(309,'2022-03-28 17:16:01','MAS','sub','22066420','','','정보통신공사, 송수신제어신호및영상레벨조정[설치비]','','124,850','김미연(info)'),
(310,'2022-03-28 17:16:43','MAS','sub','22066421','','','정보통신공사, 종합시험[설치비]','','109,760','김미연(info)'),
(311,'2022-03-28 17:16:56','MAS','sub','22066119','','','카메라브래킷, 벽부형(steel)','','84,960','김미연(info)'),
(312,'2022-03-28 17:17:11','MAS','sub','22066120','','','카메라브래킷, 천정형(steel)','','123,670','김미연(info)'),
(313,'2022-03-28 17:17:25','MAS','sub','22066121','','','카메라브래킷, 스피드돔 벽부형(알루미늄 다이케스팅)','','107,500','김미연(info)'),
(314,'2022-03-28 17:18:56','SW','main','24338860 ','','VIXAI-120G v4.0(VIXAI-120B)','응용과학용소프트웨어, 인텔리빅스, VIXAI-120G v4.0(VIXAI-120B), 객체(사람/차량) 검출/추적/분류, 1CH','','800,000','김미연(info)'),
(315,'2022-03-28 17:19:45','SW','main','24338862','','VIXAI-120G v4.0(VIXAI-220B)','응용과학용소프트웨어, 인텔리빅스, VIXAI-120G v4.0(VIXAI-220B), 지능형영상분석/자동추적, 1CH','','1,000,000','김미연(info)'),
(316,'2022-03-28 17:20:17','SW','main','24338861','','VIXAI-120G v4.0(VIXAI-220R)','응용과학용소프트웨어, 인텔리빅스, VIXAI-120G v4.0(VIXAI-220R), 객체(사람/차량) 자동추적/유고감시, 1CH','','2,500,000 ','김미연(info)'),
(317,'2022-03-28 17:20:55','SW','sub','24338863','','IPX-110B v4.0(VIXAI-Client)','통신소프트웨어, 인텔리빅스, IPX-110B v4.0(VIXAI-Client), 영상모니터링, 1CH','','450,000','김미연(info)'),
(318,'2022-03-28 17:21:29','SW','sub','24344049','','IPX-110B v4.0(VIXAI-Mon)','통신소프트웨어, 인텔리빅스, IPX-110B v4.0(VIXAI-Mon), 영상녹화/검색/반출','','2,500,000','김미연(info)'),
(319,'2022-03-28 17:22:04','SW','sub','24344048','','IPX-110B v4.0(VIXAI-Streamer)','통신소프트웨어, 인텔리빅스, IPX-110B v4.0(VIXAI-Streamer), 영상전송/저장/검색, 1Server','','25,000,000','김미연(info)');

/*!40101 SET SQL_MODE=@OLD_SQL_MODE */;
/*!40014 SET FOREIGN_KEY_CHECKS=@OLD_FOREIGN_KEY_CHECKS */;
/*!40014 SET UNIQUE_CHECKS=@OLD_UNIQUE_CHECKS */;
/*!40111 SET SQL_NOTES=@OLD_SQL_NOTES */;
